date,days,avgCwtX1,avgCwtX2,avgCwtX3,avgCwtX4,avgCwtX5,avgCwtX6,avgCwtX7,avgCwtX8,avgCwtX9,avgCwtX10,avgCwtX11,avgCwtX12,avgCwtX13,avgCwtX14,avgCwtX15,avgCwtX16,avgCwtX17,avgCwtX18,avgCwtX19,avgCwtX20,waterColY
07/06/2017,6,225.5218217,278.381524,314.8634262,329.6505354,325.2929421,306.6795639,275.8585079,233.6037589,183.803705,133.8677853,91.89550634,61.14648899,39.33532461,23.76844316,13.4258303,8.046921672,6.570337072,6.663823691,6.755669382,6.601544774,6.4093
08/06/2017,7,242.3421543,294.8830782,328.5376691,339.2872081,331.2025482,309.1260923,273.6973289,225.6744295,170.272747,116.195234,71.86195465,41.31347636,23.30498355,13.79570892,9.0765675,6.865030561,5.913533541,5.478778703,5.243745907,5.335151386,6.4228
09/06/2017,8,244.7030032,299.7278826,335.8643682,348.428013,341.8430942,321.7149108,288.6694216,242.5034854,187.758266,133.5894703,88.76617895,56.30663733,34.31827704,19.7713136,11.0284481,6.784964303,5.329051884,5.077703762,4.9989145,4.876241527,6.4247
10/06/2017,9,306.7102079,375.9513468,422.0130923,439.0496573,431.9883759,407.8277887,368.0924452,313.5816465,249.792166,185.7138293,130.4958938,88.36095981,57.84417736,36.4244769,22.88896154,16.31469109,14.25510608,13.82618293,13.23508982,12.19763991,6.4323
11/06/2017,10,271.7344875,331.4438789,370.5322637,384.3099277,376.8398504,353.4624865,315.6798598,264.6143309,205.4686321,147.8562668,100.8157029,66.97198912,43.61145868,27.50898202,16.74550261,10.71270756,8.453090074,8.042050581,8.023277706,7.988691241,6.4515
12/06/2017,11,260.7279047,326.3253445,373.3994055,393.5492188,390.1240825,372.2291126,342.5304633,299.5071671,245.5524693,188.5939151,137.7471789,97.60580855,67.4887558,45.31331568,30.34602605,21.60587032,16.87018897,13.82336252,11.04082858,8.560572002,6.4553
13/06/2017,12,249.4586552,313.9351666,361.9609476,385.3290621,385.4992713,369.5290542,341.0440714,299.6280298,247.546328,192.2113128,142.5643685,102.4119085,69.6532916,43.86733698,26.40768817,17.72511678,15.80156637,16.1549309,15.51450234,13.1362352,6.4611
14/06/2017,13,256.0949281,317.3361318,359.999671,377.6666603,373.6400688,354.7434772,323.3342134,279.0426028,225.0710043,169.8533108,121.8976933,84.62060943,56.3826429,34.86003146,19.70534327,11.30185843,8.183201497,7.369192409,6.841488488,6.280328124,6.4745
15/06/2017,14,258.5843146,321.1588751,365.2501991,383.6737257,379.2200739,359.3098515,327.414351,284.7636724,236.0183918,188.6630692,148.5786003,116.0515343,87.35926929,61.93972624,42.51135486,31.10893013,25.56028376,21.80073685,18.04646001,14.46089432,6.4783
16/06/2017,15,227.8082331,286.8466459,330.7200082,351.9176821,352.0809082,337.8982421,312.3042199,274.7234364,226.8236016,174.0895823,124.0763239,83.47326777,53.77793579,32.96513287,19.372386,11.96727958,9.236884975,8.521463064,7.828605658,6.937203846,6.4898
17/06/2017,16,265.5025027,332.475278,382.2282093,406.7839452,407.2587215,389.2193329,355.483235,307.7637776,251.3749008,195.6885783,148.2908755,110.2409892,79.13972774,53.2174741,33.37931287,21.3030102,16.00636284,14.30907993,13.56034968,12.907251,6.5013
18/06/2017,17,263.5611492,326.1134291,369.5693712,387.8698213,384.5259947,365.5953212,332.9292529,287.0260831,232.1238743,176.5669451,127.8432043,88.87533411,59.68922442,39.4194228,26.7426338,20.09985148,17.21872202,15.66965338,14.00130707,12.24070374,6.5033
19/06/2017,18,214.7072323,277.2629384,328.2540502,357.8306432,364.4630478,353.9971286,331.1587247,295.8793791,249.8534622,199.8841781,154.7075908,118.1122928,87.01597174,59.25921802,36.96772345,22.76620345,16.0300972,13.1378988,11.22674662,9.596711143,6.5167
20/06/2017,19,235.9639586,299.3736786,348.0707315,373.7012989,377.3646429,365.2031602,338.914461,297.0814857,243.2811614,187.6374363,140.6843629,105.2752733,76.4943454,50.32314669,28.91221601,15.42423117,9.751619328,8.417723978,8.005231721,7.602215209,6.5282
21/06/2017,20,231.7775186,295.7414454,347.5087933,378.1240565,385.863511,374.892303,349.0020575,310.1604498,262.5747107,213.0802549,167.5302461,128.0223241,93.60758044,64.25484181,42.47782156,30.00728735,24.68131148,22.22494646,19.77568844,17.1238908,6.563032098
22/06/2017,21,252.1616237,319.1293948,370.9579232,399.8199674,406.273046,395.0055566,369.1569377,329.9850588,283.5819954,239.2963705,201.6645768,166.9168219,130.6363027,93.63499706,61.0594177,37.4747446,24.01256077,18.14146807,15.41370694,12.80240464,6.564355616
23/06/2017,22,228.6204688,290.8609346,339.7827167,367.1020696,372.5482562,360.8103463,334.6352669,295.3631089,247.359332,198.1942322,154.5979901,118.1676264,86.14628544,57.70716271,35.77621187,22.71835883,17.42826327,15.41511221,13.80860096,12.13090232,6.568034066
24/06/2017,23,236.6999173,298.4000321,345.7710433,371.0788619,374.2438241,359.4306943,329.9727308,288.7488882,241.3657623,194.91924,153.7920271,118.7962038,88.09370382,60.89423212,39.36228489,25.38561915,17.88406486,13.96961774,11.44407846,9.883245159,6.579714408
25/06/2017,24,262.0842181,329.7496019,380.8216338,407.166285,410.3309899,396.3767937,366.9810482,321.1411959,261.8377193,198.0550562,141.918635,100.3573626,69.22546592,44.14124472,25.55483576,15.26347451,12.28177881,12.40003602,12.34359155,11.57878937,6.597200816
26/06/2017,25,274.9255697,340.3797199,386.1820376,406.0583706,403.4035687,383.8766039,349.2290951,301.1629294,245.7866487,190.8768326,142.0374867,101.4078866,68.50921212,43.31233984,26.6901764,18.53500254,16.09363326,14.91109942,13.15238565,11.02762872,6.597200816
27/06/2017,26,231.0329218,294.6579252,344.9531043,373.0636563,378.5619031,366.5582487,340.2413278,299.6270603,247.8931494,192.3647737,141.6384355,101.0884654,70.03043414,45.41132912,26.84332075,15.91793278,11.84453092,11.22796409,11.13641875,10.59753899,6.607898962
28/06/2017,27,218.4996706,279.9241989,329.0952577,356.7813893,362.0267144,350.3373128,325.7976232,288.8114628,241.8851606,192.1824031,148.5207208,113.1070974,81.25976352,51.76067096,28.40450658,15.00383834,10.38739194,9.618450518,9.097330802,8.08163161,6.618244002
29/06/2017,28,259.3781697,324.748194,373.2980377,397.7215743,399.5325199,383.8647231,353.2379139,309.0120169,256.0615512,201.9413559,153.7550609,114.1720114,81.44726004,54.75557687,35.19841861,23.64679706,18.66586223,17.0347538,15.82348465,14.24810034,6.629607299
30/06/2017,29,244.6987052,308.1465904,356.1385151,380.4423855,381.8914303,366.7972413,338.9102893,299.7029901,252.7394617,203.4629727,158.0978168,119.4112601,86.65577693,59.54427154,39.55055014,27.25324007,20.55965127,16.62276463,13.77508244,12.08164861,6.64735008
01/07/2017,30,294.3954155,358.4190395,401.6317988,419.663953,415.5543749,393.2026946,354.710709,304.6063431,251.4344257,202.8469102,162.0273264,127.6624104,97.95508017,72.69740885,52.59953606,38.44705513,29.56916193,23.71170522,19.27682234,16.37168949,6.65607439
02/07/2017,31,249.2753129,314.6422902,364.8374805,391.3419936,393.8672852,376.9953462,343.7474741,297.2943329,244.8019097,194.5804097,151.4405201,115.2971263,83.85111527,57.42220837,38.50699211,28.70959123,25.48525315,23.88473024,21.2823829,17.62592778,6.681770678
03/07/2017,32,244.5684979,310.6181194,361.38436,387.9112739,390.8806742,376.6583146,348.2416701,305.2714595,250.7840551,193.5360718,144.1900088,106.012429,74.55500128,47.4301114,26.92616515,15.5141244,12.23989593,12.29752877,12.24216002,11.48969363,6.681948499
04/07/2017,33,232.9206674,288.1511071,327.295432,345.1524468,344.0563389,328.3738958,299.3265745,257.2505788,205.896942,152.9060803,106.6984741,72.27945201,48.5334918,31.78218608,20.15824808,13.47566278,10.72603862,9.589376637,8.698098006,8.148052882,6.69031328
05/07/2017,34,270.4110977,334.3048582,379.1536063,399.0930199,397.0839191,378.1684201,344.5913226,297.510278,242.0250702,187.4795192,141.5301598,105.5459653,76.84966596,53.99306646,37.64343574,28.45240583,24.6749277,23.29142687,21.44670004,18.23365943,6.692189032
06/07/2017,35,266.9835044,332.7183483,379.8176517,400.6979146,397.9133864,378.1342385,343.7090656,296.077374,241.3304209,187.8472688,141.0096343,102.8333022,72.59141876,48.86016672,31.75965658,21.34657955,15.88713724,12.96617657,11.21392563,10.19805745,6.692189032
07/07/2017,36,234.3774764,297.6527308,346.9969611,374.0035778,378.6268898,366.0787122,339.2724562,299.1001641,250.0445391,200.5004577,157.7108258,122.3377791,90.78451343,62.20396677,39.48238117,24.91589259,17.65094313,14.41771179,12.5414807,11.23663513,6.696409609
08/07/2017,37,311.7112812,377.5687678,418.8200584,431.4581412,421.4986963,394.9987116,353.2020943,299.5444756,243.4027413,193.4756638,152.3104028,118.825608,91.56234993,69.64129679,52.93648577,41.86873423,35.13196287,29.88097788,24.98074043,20.91001054,6.757226992
09/07/2017,38,268.167474,335.1746311,385.3806665,411.3565598,413.931531,397.8916944,366.021036,320.0613625,266.1211792,214.6028725,171.6767639,135.2850772,101.035922,69.69662051,45.75037713,31.83792597,25.4590375,21.89821211,18.7482292,15.82885838,6.76040512
10/07/2017,39,265.4788975,332.7075364,383.6820446,410.8529375,414.8054839,399.5648646,367.0593516,319.0231522,263.117949,210.9445102,167.5499234,129.9716537,94.50620276,62.55940082,38.58387253,25.25964874,20.25380999,18.29817321,16.63055258,14.59185675,6.7697908
11/07/2017,40,266.2753922,333.1681101,382.6030058,406.7556244,407.5339608,391.3384672,359.9608742,313.6420554,257.2392111,198.8737117,145.6096003,102.2017205,69.64964745,46.99790926,33.4282436,26.46976621,22.45928125,18.63415399,14.30494607,10.54059715,6.7697908
12/07/2017,41,272.2875405,343.289804,396.7084986,423.8730275,426.8311777,411.6925928,380.1202644,332.6749644,275.2163508,218.2590168,170.9519392,132.9277861,98.22792176,65.78387502,40.44639674,26.44593439,21.39359391,19.85062253,18.08128087,15.58937523,6.772657872
13/07/2017,42,242.5287584,305.2455566,352.5310605,377.2264367,380.9730828,369.0676093,343.5141084,304.0487008,253.9779277,200.5487457,151.9219111,111.240852,76.47932687,46.82022843,25.22346226,13.57591464,9.685481147,9.374899118,9.499279318,9.042581564,6.775888193
14/07/2017,43,256.4724747,325.1476248,378.714355,407.8635417,411.7709995,395.9387755,366.5231395,327.1437153,280.8226754,231.7252838,184.1385982,140.2293766,100.3811329,66.47689591,41.54703918,26.58888057,19.51662042,16.33340436,14.03826094,11.94983919,6.77822352
15/07/2017,44,293.5580384,364.9000035,415.885497,439.0304064,437.628704,419.0929812,385.8870159,338.0074835,281.2428868,226.4167939,180.3305898,142.1268629,108.7039054,79.09361993,54.90613632,38.42026397,29.10718295,23.91731485,20.4907012,17.65737739,6.781843344
16/07/2017,45,309.0560073,382.2009928,433.1855383,455.4290931,453.1532925,433.1778127,397.4592852,345.9884553,284.1626005,223.559025,171.1902873,127.389868,91.05961228,63.06619514,44.81319878,36.08400835,32.39382776,29.39106944,25.33221704,20.28744541,6.78592352
17/07/2017,46,241.3250151,312.3604922,371.1769272,406.4460239,415.2715537,402.7990545,376.2028138,340.3529841,297.9625348,250.6956269,202.2092403,156.5317875,115.6634218,81.82338837,58.14539084,45.04249634,38.81453852,34.10548402,27.87696386,21.03755647,6.793098144
18/07/2017,47,286.2729073,358.0337285,411.8401259,440.2089539,444.5727636,429.1733042,396.3364979,348.7622594,293.3872849,240.5335701,197.9381865,164.5795581,132.6772653,100.6689211,71.96336236,50.97656861,38.36260808,30.47395946,24.6943442,19.92662833,6.802978128
19/07/2017,48,313.696274,386.9012855,438.0404904,460.7737236,459.2021898,440.0719453,406.6901904,358.0005512,294.936237,225.2162313,160.718581,109.9186807,72.51912606,44.97036215,26.04194861,16.99664046,16.05756102,17.46987935,17.9459973,16.52285655,6.804373928
20/07/2017,49,222.9172707,284.5070141,334.1346981,363.2909462,370.6322027,360.6865337,338.1355597,304.1800903,260.6386938,213.3478927,169.2917225,130.9491026,95.56101633,62.17462725,35.42571879,20.6459626,16.25734345,15.69569419,14.8126011,12.64528885,6.819659728
21/07/2017,50,252.1447828,319.5837354,372.8759984,402.9818742,408.5693298,394.5132622,365.524147,322.4807737,267.7753313,208.8877809,155.6651701,112.8078139,79.08084756,52.55468098,33.88272363,23.64942823,19.64961266,18.20142697,16.86519567,14.99172427,6.82804301
22/07/2017,51,289.971894,358.7731245,407.5858263,430.4284659,429.9790476,411.1082217,376.5256171,331.1270199,282.5349315,235.7095126,193.7998085,157.5014426,123.1270362,90.46710904,63.4664284,44.91355991,33.76312351,26.37287191,20.17040077,15.07968293,6.8286724
23/07/2017,52,296.5939358,368.6569797,420.0238374,444.0287248,444.7070789,428.343539,396.0768278,347.6840052,288.6424564,228.1445034,173.8262435,128.2350768,90.22401558,57.7646416,32.37302473,16.76439747,10.81171137,10.13559194,10.32062989,10.14166665,6.833892448
24/07/2017,53,317.5243997,392.8323579,444.6732515,465.8934814,462.1911755,443.9243888,415.1881535,373.552692,319.3624685,259.7638235,204.1021147,156.6624439,115.686274,80.16707817,51.36621622,31.04303466,19.85744975,15.31654612,14.00006667,12.89156275,6.84101375
25/07/2017,54,233.6290912,298.5007792,350.8763758,381.4081071,388.1012971,375.2729909,347.8604078,309.0648253,262.8946252,214.6999014,169.2936976,128.5062392,91.94948582,60.27512557,36.05884898,21.40247352,14.99991662,13.3119106,12.87998454,12.05539768,6.84334301
26/07/2017,55,268.167525,339.2689178,394.2394785,423.5975274,426.8554165,409.3945453,376.4082474,331.0523245,278.2802753,224.917621,176.026017,132.6618425,94.08865539,60.96490364,35.80116379,20.51223788,14.08664051,12.8129041,13.15462965,13.67190051,6.850028328
27/07/2017,56,248.0466411,312.1294592,360.5837382,385.7396016,388.8714239,375.9233027,350.183177,311.3726786,260.5928016,203.622498,149.5731409,104.8982366,69.64469061,42.23607562,23.18277366,12.9721926,9.561551211,8.989048434,9.181482431,9.55449229,6.85071143
28/07/2017,57,329.4934752,402.2109064,449.9800936,467.8774091,461.7130264,438.392311,400.5947109,349.6541044,290.3036262,231.4663944,180.4113331,138.5441362,103.0835315,73.54109819,51.70834485,37.72418827,30.30506936,26.33319964,23.52091899,20.69379764,6.8547092
29/07/2017,58,277.2147095,342.0899241,388.211058,410.6618945,412.4337483,397.5208723,367.2459895,322.8309786,268.6982193,213.4313764,166.3363583,130.0598925,99.14053448,71.51810374,50.05462763,36.79527806,30.61757582,27.48087605,24.59846912,21.44223136,6.857469328
30/07/2017,59,309.5338213,379.5378379,427.8073972,449.0052723,447.143734,427.9777968,392.6952381,341.5160909,280.7035106,219.7131232,164.5344255,116.9523184,77.78634093,49.9322661,33.62511963,26.01636308,23.09360494,20.98105633,17.85770014,14.09368612,6.8574724
31/07/2017,60,300.5542188,367.8247182,412.6484987,430.2533502,425.8863375,404.552961,366.5490161,313.5847326,253.0532386,195.7624213,149.2370019,112.2989989,81.17040658,55.49138063,37.22357765,27.13954214,22.88300289,20.44149818,17.56187747,14.45804294,6.8605092
01/08/2017,61,221.6131224,286.427049,339.9592783,372.231522,381.3126496,372.163935,349.110506,312.9897092,266.7122976,216.8731669,170.407752,129.6747695,92.69052699,59.764848,34.52857103,19.08698062,12.18012573,10.11910284,9.585393971,9.300681705,6.868078008
02/08/2017,62,313.5336239,388.7921971,442.5294298,467.0812436,465.0404231,443.1032287,405.0669885,353.2987562,293.9411819,236.7539005,187.8265628,145.9264371,108.0499708,74.6008816,48.76583887,32.10694243,24.04302127,20.87253085,19.21469263,18.35425806,6.877387936
03/08/2017,63,303.6951172,368.4448837,410.8657705,427.8525045,425.2089575,408.8818643,379.3483691,335.1705046,279.2143237,220.8016144,169.7734372,128.7735028,94.2421052,64.96017968,42.33696857,27.47107097,19.25999098,14.69592285,11.63411423,9.705916579,6.8821276
04/08/2017,64,242.6037224,308.5535123,360.2007944,388.350895,392.5152846,378.7586735,353.2050995,319.4040761,280.8151252,240.8454968,201.7822834,163.9352567,125.2217953,86.08038717,52.34238535,29.84335037,18.50908813,14.23621066,12.65406337,11.63475995,6.89997648
05/08/2017,65,262.7932343,331.3288703,384.0432068,412.1941778,415.8152294,399.9594227,368.8150217,325.2598494,272.9595082,219.0570208,171.6940515,133.4279267,100.9801068,72.30156602,50.0227319,36.56588422,29.99000309,25.96748848,21.82214704,17.52890446,6.91052352
06/08/2017,66,255.9579081,323.2479746,374.0750656,399.8301087,401.909719,388.1948059,364.6676375,333.2463794,295.7103255,254.7675658,212.9699227,171.4847958,129.7457797,89.1755532,55.34783226,34.08954556,24.96153161,22.18047257,19.48570685,15.26469507,6.9129724
07/08/2017,67,299.6174902,370.6187346,420.4532723,442.7409137,441.5830907,424.0815099,393.4749601,350.6548161,298.363933,243.4106673,193.9120292,152.9117041,116.191636,81.84182389,54.55188521,39.72541194,35.11047853,33.32811277,30.72823668,26.31378158,6.9141092
08/08/2017,68,300.6497238,369.7891793,417.7358957,438.4937734,435.3954332,413.6842851,376.3114592,326.9006253,271.6631706,217.8639314,171.6175374,133.6846,100.8657482,72.71739455,51.84398244,39.48254442,32.77220726,27.46347652,22.03960023,17.29026056,6.914419856
09/08/2017,69,266.9246343,338.4529475,395.178901,428.4569796,438.16849,428.6469954,402.3287779,360.4081663,307.7369684,254.4571783,208.7085504,169.099882,129.3218999,88.90839554,55.03119895,33.96247106,25.24293422,22.4718694,20.16480482,17.45010394,6.91727648
10/08/2017,70,290.9708916,360.6406439,410.7856429,435.1465243,436.6362038,419.9683872,387.4233223,340.9809084,286.4049132,233.199195,187.4229196,147.1425862,108.3410373,71.87683475,42.9257986,26.90646616,22.49070761,22.39097078,21.91659119,20.14348125,6.91727648
11/08/2017,71,324.6264558,402.4818365,459.7126999,489.5497556,494.6383496,480.5195695,449.6905017,402.8212359,344.3233276,283.4145641,227.8558982,178.7674748,133.5926887,92.41218291,59.37677507,39.28470318,31.29062788,28.05751867,24.27831611,19.36058277,6.918631072
12/08/2017,72,284.3372535,353.8255451,404.6335865,429.406057,429.6913586,411.2788373,377.0320727,328.3969587,270.8485463,213.2341496,162.6381792,121.1785539,86.5524439,57.7065677,36.71716598,25.61379504,21.6432654,20.31050759,18.80131482,16.30539731,6.9187724
13/08/2017,73,312.9507798,386.4074603,437.8382069,460.2555088,457.4271802,437.1410825,402.7145556,354.3081753,295.5204987,234.2531096,178.7961019,132.3202413,94.01874237,63.32739812,41.34514474,28.78903197,23.76823517,22.93964097,23.44843391,24.07060146,6.9256092
14/08/2017,74,303.8723425,375.6424233,425.3116506,445.8088512,441.2319271,420.0317788,385.8739447,338.4900227,279.6894659,216.0597117,158.0616472,113.0955764,79.6341106,53.31362453,33.32141813,21.1801594,15.85196247,14.10146103,12.9745756,11.2698315,6.933723728
15/08/2017,75,292.7059525,363.3318502,413.9464797,437.529831,437.2605454,419.7093985,387.017202,339.2045294,279.724463,217.9739275,164.2987343,121.7372046,86.09688656,55.50874827,32.68954916,19.6977605,15.24897308,14.66578253,14.21558442,12.87526183,6.936501128
16/08/2017,76,371.9277463,456.8727557,513.9980246,536.1393095,530.2669034,507.6427371,472.1360664,422.8839858,363.1938889,299.8932575,238.0236686,181.1697843,130.9212892,88.20331036,56.25419315,37.79146158,30.06761343,26.39863443,22.67419481,18.16125946,6.940667072
17/08/2017,77,350.131381,427.6020522,479.6289228,501.0241431,496.7733598,472.6973886,430.4334119,371.1334214,301.4396374,232.1647609,172.5501002,125.4156038,88.99391202,61.18527021,41.88565989,32.12881944,29.13638475,27.59542221,24.44619279,19.92444788,6.941883248
18/08/2017,78,309.2814986,381.214303,431.4691106,454.2463538,453.7768838,436.0803437,403.1883886,356.2610251,299.757516,241.365881,187.6017073,140.1901504,98.08922844,62.86901982,37.9053674,24.08343998,18.2703255,15.72043702,13.71073206,11.82375815,6.945568928
19/08/2017,79,362.3486042,444.6998107,499.5809243,519.8888713,511.3869242,482.4598518,436.4552186,376.3284885,309.4571345,245.506399,189.8558182,143.3051707,105.4226371,76.40972398,56.45812444,44.92377642,38.99616332,35.22433922,31.68471336,28.17363872,6.949756048
20/08/2017,80,356.298929,434.6629582,485.5629828,503.9708261,498.2613726,477.0375761,440.0419592,386.6979835,322.1464258,256.3197463,197.4136165,148.5193473,108.5878122,76.89851446,54.42201772,41.32262471,34.82655109,30.48649055,26.10828764,21.38861652,6.96457227
21/08/2017,81,280.976708,357.4738191,416.8928669,448.3224516,451.7171333,434.265461,399.463534,348.9931692,289.8307149,230.7148503,178.0646876,133.3455516,94.33096497,60.75812504,35.85622457,22.63161723,18.77471471,18.16509803,17.45250771,16.38878679,6.964841728
22/08/2017,82,358.0355915,437.5940601,489.6988054,508.8811595,502.6759322,479.7058547,440.6725985,384.5382017,315.2158946,243.3476342,179.8653969,128.2872881,87.41092693,57.11484701,37.54915996,28.11969996,25.24144496,23.55720005,20.72602825,17.18527412,6.971878248
23/08/2017,83,293.8176926,361.3212925,407.0463605,425.3380291,421.9709875,405.8827291,378.7489856,338.5409273,285.6961015,225.5418998,167.1640115,118.1436281,81.77102477,57.64832145,43.19325448,35.03871635,30.25202377,26.28409495,21.72760155,16.8492689,6.97206832
24/08/2017,84,299.0702019,372.0819939,424.9988795,450.1280241,450.6354859,433.437876,400.1564096,350.051345,287.7233913,222.811655,166.4586377,121.5804544,84.20179935,53.30121075,31.4177708,19.69444933,16.1210765,15.38392065,14.43946626,12.77439349,6.97320512
25/08/2017,85,288.5950397,355.2276913,401.6094511,421.7511274,418.5856603,397.4240102,360.8116314,311.1933898,254.579961,198.1092049,146.4121238,103.0842084,70.12605562,46.86780532,31.97828917,23.7816798,19.95601294,18.00716156,16.57196752,15.80460004,6.976901648
26/08/2017,86,286.1292428,350.0542009,393.6236452,412.8852981,412.1307521,395.1808037,361.5004249,311.4090918,250.8822745,189.7364117,136.5744253,95.56807146,65.66829927,43.7058019,28.21960084,18.96688675,15.04548358,13.76401358,12.77229278,11.41335074,6.979267592
27/08/2017,87,294.4075802,364.1379366,412.2526502,431.6991606,426.8234496,406.1239515,374.2442468,331.8392782,279.9346562,224.2481608,172.3106593,127.081414,87.46278971,54.27318104,30.57924287,18.22831521,15.23991557,15.35189255,14.91244287,13.34834563,6.98408672
28/08/2017,88,300.7104715,367.081301,412.2261718,432.1099829,430.8941002,412.9933624,379.8055212,332.5411408,275.9052325,216.887883,162.5038483,117.1711618,81.31076154,54.26597173,36.30675718,26.46991132,21.91953506,19.33158768,17.11239438,15.24855294,6.98408672
29/08/2017,89,249.947857,313.0474901,359.6823804,382.432772,383.005373,367.2399533,337.9761476,297.2776774,250.4895486,203.9715461,160.731307,121.1363436,85.71757088,55.86936155,33.95836425,20.52721201,13.97781537,11.58694547,10.95409733,10.89310823,6.98408672
30/08/2017,90,282.7837027,352.3897602,402.2704177,425.4547856,425.6233713,409.4455399,378.7674264,333.5628726,277.9028839,219.2924659,164.7037583,117.791596,79.79032818,50.3030794,29.74026015,18.62587282,14.92363982,14.29851577,13.71388152,12.58653711,6.9839724
31/08/2017,91,326.328209,402.2537919,454.9262528,477.4106869,473.7302264,451.3843583,413.9327072,363.3691922,305.7976193,249.0432978,198.6070816,154.2326894,113.317464,75.95686363,46.11463046,27.16960925,18.48454218,15.45329392,13.59663737,11.80834984,6.9839724
01/09/2017,92,330.3587519,402.5656186,449.4049731,465.973798,459.1512519,436.9096956,400.6841206,350.2015607,289.4752422,226.5539026,169.180821,120.9500432,82.02373754,52.62463262,33.29034888,23.10110841,19.33043558,17.83441105,16.28529933,14.15468207,6.98408672
02/09/2017,93,360.2579257,430.8687413,472.0048005,481.2387498,466.5623039,435.2388611,391.1868322,339.0504083,287.076937,242.6496684,207.5550472,176.2310671,141.7214443,104.2289061,70.74933672,48.17847212,36.78288619,30.32163579,24.55942558,19.29419672,6.9839724
03/09/2017,94,343.3823562,413.9958715,457.6744729,470.4623317,458.7317546,429.6210111,387.4952757,336.6730127,283.2380932,233.7933213,192.5444018,158.2863389,127.1690531,98.50927229,74.72435541,57.39537813,45.55577437,36.19744381,28.34411477,22.47243449,6.9839724
04/09/2017,94.9999941,318.2583723,389.314346,436.8619244,455.6015719,450.1745084,427.2295564,389.9555977,340.9157851,285.2590351,231.8599894,184.907246,145.4816634,110.2382923,78.83574377,55.02377514,39.93921928,31.63364292,26.5655043,22.44022587,18.70563158,6.9839724
05/09/2017,96.00000187,319.2054334,390.4143359,438.0858121,457.00019,451.6735573,428.7415735,391.5320028,342.3570187,286.6106201,233.370226,187.0492855,148.0433404,112.9630295,81.47106798,57.23115593,41.63377853,33.01886958,27.71679497,23.30207072,19.25075684,6.9839724
06/09/2017,96.99999477,320.0923492,391.4295835,439.2054432,458.2608989,453.0494788,430.1906914,393.1023075,343.8579023,288.0410188,234.9229154,189.2324958,150.6088063,115.6724569,84.12185385,59.48129968,43.37054753,34.44269576,28.90595507,24.20080829,19.82350061,6.984646328
07/09/2017,98.00001779,320.9294803,392.3698012,440.2245753,459.3808785,454.2884697,431.5523728,394.648736,345.4682323,289.6162572,236.6120313,191.5346975,153.2821825,118.4626115,86.8269593,61.77366566,45.14200154,35.89796416,30.1263386,25.12987251,20.41888908,6.985976272
08/09/2017,99,302.5219152,370.2720899,416.5276937,435.5646164,430.8207349,407.6882756,368.6744111,316.5850055,258.0644097,201.8065639,154.0103883,116.1117622,86.39290852,64.03619125,48.90507673,39.60466907,33.48866737,28.01384794,22.31755034,17.0471381,6.987727408
09/09/2017,100,343.3587335,419.4147809,470.4600929,490.1381257,482.1209739,454.0213535,411.0331118,356.8578359,298.7580328,245.1466352,198.6995895,158.2019084,122.5694117,91.68962819,66.79109981,48.79298556,38.04279508,31.77239542,27.05581542,22.74543614,6.987727408
10/09/2017,101,362.4423621,433.8712254,475.6151316,485.7893184,474.0905294,448.187913,410.2419772,363.6716431,315.4060316,269.9678809,229.9890102,192.4173037,152.1080884,111.2960949,78.184985,58.50032573,49.25110334,42.59393539,35.14620496,26.94341623,6.985976272
11/09/2017,102,308.8977673,384.7285586,439.9610498,466.8815704,468.8939016,452.5545464,420.2770637,372.860421,313.8850042,253.1543324,201.3990684,161.6697959,129.7411633,101.8130853,79.41616875,63.66620226,52.08578028,42.16676718,33.03798071,25.18646802,6.985976272
12/09/2017,103,333.9687684,407.8447066,456.5900265,474.6019224,466.971265,440.7530264,399.9106911,346.8768445,288.2374396,236.3041453,198.1443257,167.0846552,135.0797767,101.9759286,72.92533639,53.01191059,42.47230222,36.82256685,31.81445121,25.97036195,6.985976272
13/09/2017,104,260.5787943,329.6113444,382.9620644,411.6384201,415.6519463,401.0732667,373.0490905,333.8057277,286.3901736,237.8157612,194.866855,158.6713944,125.9860922,94.66350049,66.69274993,46.10242292,34.01595529,26.83612556,21.62979362,17.76593959,6.985976272
14/09/2017,105,319.7173479,396.7200208,451.7626088,477.9877673,479.6938462,462.8691758,428.7250202,378.4281759,318.6107648,260.4834657,212.0056367,172.2163832,134.8336942,98.0854639,66.52341001,45.69517171,36.20241241,31.88961104,27.49552491,22.00110247,6.98598672
15/09/2017,106,298.8190197,370.0536014,421.4642865,446.0440707,446.2167274,427.1558257,390.3440306,338.5620775,281.4224756,231.76882,193.9022464,161.6016597,125.8228996,86.4372513,51.40739032,30.34965946,23.66340516,22.93172219,21.70713899,18.24557593,6.98598672
16/09/2017,107,377.1430536,449.8617989,490.1638368,495.8377015,478.1830426,448.4770015,410.5670036,366.6164427,322.2136172,282.3401937,247.4421053,213.0597477,174.6341054,133.0669147,95.00510988,67.66493766,52.36479935,43.09932026,36.04938539,30.09037166,6.983997048
17/09/2017,108,332.8717127,403.2893125,447.5286287,461.9196362,454.4516971,433.4682577,400.814611,358.3385341,312.8627266,274.6046111,245.210231,216.9053622,184.1975364,149.2665008,117.7243058,93.99473368,77.33913724,62.66268206,47.3164457,33.42208577,6.98332352
18/09/2017,109,349.5698507,423.8992511,472.986329,492.9479206,488.553073,464.9490439,426.5812419,378.7637512,329.1236594,285.6561966,250.9544394,220.3617631,186.7920258,148.7334048,112.6426451,85.26150974,67.01803709,53.88054653,41.81855943,31.29277026,6.983997048
19/09/2017,110,398.2826704,464.072196,491.6578568,483.4998083,456.3944695,419.6107544,371.2535622,311.1794717,247.5205554,193.5571088,156.1814855,127.5254924,97.64925899,65.86120342,37.85675427,20.99055474,17.81200376,18.89299293,18.34195072,15.50668229,6.984848558
20/09/2017,111,245.0856995,301.6471369,340.7185477,357.4977307,356.2812251,343.3267299,319.3565749,284.1110408,242.523341,202.5144645,168.2008421,137.8746466,109.8926989,84.72286767,62.35094394,44.0340597,34.14217522,32.78083904,31.86852331,26.99032344,6.984848558
21/09/2017,112,299.62636,372.2350118,424.3022115,448.649927,448.5428624,430.9597616,400.0684129,360.8044827,319.9265114,280.5318661,244.5184058,209.8456345,172.570471,133.7159531,99.36161339,75.69251567,61.63325616,51.68186417,41.65187587,31.0074319,6.98408672
22/09/2017,113,292.2118245,362.9470989,413.6475625,437.1175888,436.7360523,420.5236867,394.2999657,362.3471225,329.6624634,301.3817547,277.567362,253.2847007,222.8068932,187.327896,153.5384718,126.9746975,106.6943278,86.30236647,64.22621753,44.09449168,6.9799276
23/09/2017,114,340.7843209,416.2849084,464.3919001,478.5235447,465.7149046,437.7716893,401.4513719,361.4881503,325.0426989,297.3388206,277.5658428,257.6980107,228.1887732,189.5029491,150.5455205,119.4560312,96.75189901,76.86083847,57.15237677,39.76216307,6.976745808
24/09/2017,115,374.1411352,457.2375978,514.2005903,539.2204799,537.5753376,515.9638561,478.4242975,431.0503669,380.7850081,331.6160667,286.1936151,243.4755995,200.1122292,156.9651652,119.8531887,93.0435284,76.44670079,63.86673757,51.30927028,38.99698897,6.976745808
25/09/2017,116,319.5680125,388.6224244,432.7042922,447.0613371,437.4406033,410.3883967,369.3730357,318.9192243,266.4635743,219.9668457,183.2685316,151.9767745,119.8241818,87.55239718,60.39632889,42.91609835,34.38601917,29.09081451,23.1804628,16.96417586,6.972310048
26/09/2017,117,333.5228768,401.6606332,443.5382308,456.2529733,446.0196117,417.9326413,373.8527692,319.6453158,265.9143967,222.7594524,191.6133889,165.30089,136.2842093,104.653653,76.81736011,57.33038841,45.8462651,37.77008716,30.09865027,22.93071995,6.970595609
27/09/2017,118,385.8734188,461.8004537,506.0661295,515.1668284,497.7165403,464.8748442,424.8550945,382.7243678,342.4377937,305.3672776,270.7688334,236.4101392,200.2764883,161.6734861,125.2285581,96.25811444,74.90574152,57.95398765,43.83155235,32.83937876,6.96740512
28/09/2017,119,386.8416903,456.8467141,494.4700191,498.7178925,478.671548,441.8223585,392.1386557,335.4048028,280.5699954,236.6375915,204.9306956,177.5261485,147.4901593,115.7240205,87.97355966,68.16867849,55.15473983,45.09199939,35.46404605,26.92382864,6.964755128
29/09/2017,120,335.9568851,406.8137583,450.019306,460.0074109,443.3296654,411.3469389,370.5914312,322.7970424,273.1624291,229.6811985,196.2078561,168.7862063,140.1295593,107.8455558,77.08419574,54.54844921,41.32524173,32.93151685,26.30353507,20.9546159,6.963227009
30/09/2017,121,389.3735299,465.6660814,508.1303965,514.023804,494.4511175,459.9883898,415.0695745,363.4384219,313.7815958,273.5906894,241.164754,210.711945,176.9741898,139.5555057,104.4632391,78.5711215,62.126095,50.43422988,39.86147181,30.68736124,6.96222352
01/10/2017,122,298.4760042,367.032106,414.6498559,435.0223471,430.9906642,408.1153511,369.120962,317.4276595,261.1477225,210.3612576,170.8440008,141.7866166,117.7038702,95.08995754,75.84479896,62.46398266,54.5135779,47.39149002,37.79486999,27.78530478,6.96130104
02/10/2017,123,359.3945666,435.8040553,485.76006,505.4323693,501.6832833,480.7605645,443.8787825,392.4646337,333.3037298,277.1554008,231.5160066,192.3939709,152.9920156,113.785949,81.75097371,61.66664432,50.96419628,44.17468592,38.26456335,32.47193427,6.96130104
03/10/2017,124,355.0161713,428.3618674,473.8224755,487.405632,474.770913,441.2519415,390.1082585,329.9526333,273.4132112,225.4415482,187.26733,154.3569683,120.7243033,87.01521491,59.00299709,42.39651717,36.49769735,33.51034691,29.17648841,23.51167661,6.957636831
04/10/2017,125,332.5013801,406.5954654,455.4183301,472.849018,463.9299989,436.0647967,392.6424147,338.9969323,283.8712023,233.9920309,192.4844548,158.5340364,128.3105345,99.98108291,75.61742035,57.3218887,44.93351144,36.24759425,30.17491297,25.61482141,6.957546399
05/10/2017,126,278.5025262,341.2336988,383.4690744,399.4776901,393.3780677,372.8336376,342.3200008,304.8232636,265.6989106,229.0003666,196.511241,166.938294,137.4955437,107.4647399,79.26732093,56.5329277,40.03659963,28.14822052,20.35117222,15.7362844,6.957195609
06/10/2017,127,396.9505597,470.4733277,507.931882,507.9822287,482.9567091,442.0869918,387.398552,321.9501944,252.6321066,189.567792,141.0307545,107.3240657,84.75768254,70.14337963,61.48869055,56.58574289,52.85212156,48.36819298,42.6604119,36.6757395,6.953108609
07/10/2017,128,311.5617568,377.0891829,418.3521758,431.7891659,424.1126349,403.9655804,376.6661404,344.8064012,313.1394139,285.7261205,262.5258268,239.0675185,211.9217573,182.3666164,153.9452627,128.636552,105.8858202,84.30145625,64.31737163,47.11019847,6.94716832
08/10/2017,129,344.4282678,416.7040883,460.7103334,471.5753247,455.9924648,421.637179,372.8197044,316.0689346,262.222323,220.1004964,190.157634,166.837939,145.0230265,123.3810864,104.5550776,90.53029946,79.3388898,67.15328727,53.33403887,40.29326401,6.94716832
09/10/2017,130,276.8214093,342.8829137,389.1518285,409.3841387,407.0881186,387.735274,352.6390374,303.1830927,247.0399824,195.587695,156.4951139,128.1999518,102.4301821,75.63224815,51.83416842,36.21305489,28.54449931,24.17524115,19.98429185,16.12314902,6.946817929
10/10/2017,131,320.8242893,389.5129778,432.30959,444.8404465,433.4674403,405.1942237,361.2284067,303.3859913,238.1814255,175.3993536,123.462377,85.16925352,59.66794432,45.45531844,38.58715571,34.92528146,32.14951205,28.59996397,23.63300586,18.27948642,6.94654992
11/10/2017,132,286.1059885,350.8201306,394.801708,412.9021959,409.2735182,390.1475996,357.8089721,312.9117029,259.5150456,206.9304239,162.1242456,124.4864406,92.42984535,67.01352106,49.53167692,39.11006888,32.07688257,26.19210793,20.73453861,15.88100459,6.939477329
12/10/2017,133,301.5312548,370.4163821,417.163334,435.7676451,430.5079005,407.4234814,368.9128371,319.1322827,265.9826981,217.719805,179.4705081,148.2987997,119.3759593,92.19034888,69.07293962,52.2695808,40.92384272,32.70764592,26.54076828,22.27595622,6.935936329
13/10/2017,134,306.5728688,371.0891486,413.1581154,430.5204026,430.5945567,418.5007993,392.1306856,349.116858,294.4353443,239.6547752,195.2807337,161.8035392,133.4894785,108.0882163,86.52176412,70.1803699,57.97088438,46.63062865,35.58186329,26.43629559,6.93450104
14/10/2017,135,329.3107095,399.8732442,444.6503439,459.0282864,449.1457435,422.0248436,380.8041125,327.8510196,269.7208887,217.6856722,178.8640994,149.9801138,124.0448745,99.25748473,78.41044928,63.19592567,51.62258869,40.96611858,30.49978344,21.29693787,6.930754729
15/10/2017,136,335.6016545,401.4720797,438.9085959,445.5502073,431.8739927,409.5704649,380.6952969,344.4621685,306.7833635,274.5492988,248.5199026,223.935785,198.6514643,176.3569551,158.8970888,142.2282523,121.7197592,95.77787816,68.09514409,45.12995612,6.925445009
16/10/2017,137,322.0865537,390.9875573,435.1260916,450.647152,443.7160819,419.9352078,380.1825533,325.851069,262.0768896,198.5934267,145.662656,106.2952308,76.43754284,52.50011001,34.42206069,23.36748438,18.73679669,17.06962315,15.58291674,13.83583473,6.918522409
17/10/2017,138,345.8886322,415.8162068,458.1546277,469.3204441,456.4077107,426.8392298,383.5775349,328.986959,270.6704373,222.0456282,190.8059407,170.5069353,151.4122626,128.1189377,101.7424338,77.11165703,57.75736952,44.1565212,34.6759394,27.88428152,6.912506368
18/10/2017,139,302.1778289,364.9449224,403.3599151,412.8860177,398.9213128,369.5007782,330.9827103,288.3518355,245.4455022,205.7336081,171.627111,143.5130234,119.3502014,98.07663117,80.32214897,66.66540976,55.76501236,45.58626755,35.86001624,28.088538,6.907497168
19/10/2017,140,331.646847,396.4575379,433.6403591,441.6042677,428.584284,401.6176492,361.7609878,309.6386863,250.4663326,194.5537959,151.1659094,120.5037043,94.7666607,70.91710269,52.49470283,41.67427948,35.93586383,31.32763149,26.4674828,22.15758283,6.896515568
20/10/2017,141,296.1293872,361.8283938,405.2425269,421.6045517,416.6248211,397.2205816,363.9086772,316.1372138,259.9850994,205.1388201,158.955352,122.8059008,93.97629547,70.53229776,52.82447676,40.15742668,31.36784401,24.79441643,19.48219478,15.43184392,6.883332648
21/10/2017,142,348.6774759,421.1605985,466.9140738,481.8606675,472.1855313,444.4416165,402.6405888,352.0582378,300.6016254,256.4136622,222.9320763,196.8575527,172.8372306,148.8054893,125.9846852,105.0719896,84.46026866,63.48239223,44.91006284,31.93213503,6.87754992
22/10/2017,143,322.9778762,385.6302058,419.5555923,423.0804379,406.9433145,381.3236576,349.0384348,312.6588019,278.5196915,250.0119842,227.0419509,206.1864824,183.4961848,159.1402411,134.9037589,111.4906989,89.35214723,67.74825732,47.73916912,31.88520783,6.876424248
23/10/2017,144,312.8652615,381.263764,425.8417961,441.7911094,435.537983,413.0878654,373.3464682,316.9121234,252.0813104,190.3951111,141.4610412,106.1026403,78.68471135,55.91661874,38.35283832,27.52324848,22.83674637,20.68548335,18.40566181,15.34956401,6.86970512
24/10/2017,145,249.3065987,317.4953534,370.7335309,399.9382253,405.6516116,393.3046343,365.185568,322.5468053,269.9370646,214.9450648,165.7841988,126.5254907,94.12233159,64.76344093,40.49406404,25.22226585,18.93091724,16.48930321,14.5769448,12.48288624,6.866032648
25/10/2017,146,313.9932233,385.3607015,433.9831275,454.6599341,453.994044,440.421315,415.4158053,377.9612633,330.7094377,279.0901792,230.7416703,190.6274154,157.2788808,128.8808753,105.1850644,86.64271413,70.87797481,55.71561865,41.33495715,29.34141279,6.858519248
26/10/2017,147,319.829922,385.4680075,424.6522012,434.2556356,421.8686036,395.2594559,358.0641574,314.7561391,271.323385,234.5033015,207.2521859,185.7359536,163.9101876,140.0481914,116.54235,95.44678285,75.81636552,57.03506149,40.31411897,27.80263556,6.85834992
27/10/2017,148,291.1845415,369.6465412,430.7076446,464.2798991,470.5499379,455.2211761,423.1849262,379.1777516,330.1610248,282.0793264,237.9556134,197.5622729,159.5976776,125.0062762,95.7490346,72.48531308,54.59819394,41.0405343,31.14378897,24.28533313,6.858287968
28/10/2017,149,327.8483062,397.202102,439.669931,451.0908329,439.5327072,414.3717861,378.4644627,331.2646222,276.6431722,224.6522815,184.3002214,152.436551,121.9459959,92.31112371,68.07527543,53.54719397,46.5485989,41.03338291,34.34584156,26.8259093,6.848135184
29/10/2017,150,314.39506,386.0056606,433.5400514,451.0381601,443.87611,419.1560338,379.6463209,330.4095961,281.5538061,241.9331201,212.4351456,185.4599069,155.1264273,124.240653,98.94011327,80.14673364,66.12166781,53.28833646,40.11957208,28.56587028,6.83600831
30/10/2017,151,303.5484347,365.8824771,404.3135452,415.4613983,405.3558695,380.6167277,342.2925707,290.2641271,230.1858629,172.6822222,126.2160867,92.09150595,67.50919667,50.1152831,38.68968626,32.68340253,29.76265081,27.38127988,23.97659785,19.89644022,6.83600831
31/10/2017,152,301.2619131,363.7529453,401.8329158,411.9724472,400.3462587,372.6566491,330.0263248,275.0783407,216.1284663,163.6690071,124.1760635,96.36044931,74.47851338,55.4654359,39.88530304,29.46455765,23.84251005,20.74926905,17.81660449,14.67231153,6.83600831
01/11/2017,153,322.3692342,387.9041254,426.1542733,433.1902623,417.3815788,389.7451778,354.485241,311.5549392,263.3377866,215.3909408,171.9751689,134.5242066,102.2762863,75.45587175,55.63027975,42.54110548,33.67966516,26.73613296,20.90188989,16.21888196,6.83600831
02/11/2017,154,284.6689261,357.8349335,409.9956777,432.6018031,430.8870605,413.3893409,382.385033,338.6340562,285.8842499,230.6915801,181.0821253,141.3127052,106.7010904,74.45751045,47.46924453,28.68715046,18.03872328,13.0744539,10.71373723,9.798754916,6.83600831
03/11/2017,155,344.5633964,419.8354028,469.0508405,487.7428516,481.5676169,455.6193714,411.0175202,352.7444105,294.4769162,250.4746594,222.7338415,200.1186514,173.9149055,144.1271248,114.8481173,90.27628017,70.11924313,52.63151176,38.0952536,27.74787563,6.859382848
04/11/2017,156,235.7474642,281.9512015,310.0818803,319.0691483,316.4169231,305.3067139,280.2362113,236.9217649,180.884162,126.1241123,83.4186409,52.35902538,29.68264876,14.63622547,6.478728349,3.249538366,2.694745293,2.888348913,3.299190322,4.116877218,6.86794992
05/11/2017,157,286.8320906,351.3572365,393.8364621,409.5171632,403.8259189,382.6981212,345.7917364,293.1830309,231.4874473,173.1000268,127.7554656,95.93780894,72.85746288,53.99335229,38.1525922,27.80510641,23.49646783,21.418347,18.25125478,13.92143126,6.88714992
06/11/2017,158,277.2173773,345.1000086,392.0067739,410.6904127,405.9950428,386.0069115,352.5272722,306.2157748,253.4343874,203.2846531,162.2400102,129.9649096,99.70207052,69.83204322,44.99622305,29.39079737,21.84640821,17.86048943,14.40977122,11.12521374,6.891896648
07/11/2017,159,339.8573731,411.1349145,453.9602397,463.9273531,449.9143119,420.7456054,377.0565692,318.7015032,250.6897159,183.1880745,127.1755553,87.05489969,59.92941032,42.1557988,31.07360726,24.80366054,21.18774645,18.13329844,14.7734134,11.59767426,6.89230104
08/11/2017,160,316.1698681,381.2924428,417.1183325,418.9850719,398.0770126,369.4903578,337.3383254,296.2751967,243.0664805,183.5556785,129.1045177,87.57744594,58.84279471,39.25760156,26.86414386,20.96552133,19.4528371,18.91791979,18.0021799,16.77127709,6.897292568
09/11/2017,161,322.5467638,390.1243222,426.250364,426.4541153,406.6812522,387.3975468,368.4488863,335.2626711,280.6078205,211.7748842,144.6995758,92.83835749,60.32148303,42.68336392,32.5421554,25.46900808,20.11365951,15.92849266,12.86325989,10.9647371,6.912391987
10/11/2017,162,274.8460648,336.7382107,374.9464081,383.8816566,373.3698813,358.273317,340.1428007,309.8045382,263.7890351,208.3849626,154.914769,112.7704381,84.42818282,66.37546986,54.05662433,44.51502793,35.89445199,27.56801687,20.29553835,15.22360167,6.920564682
11/11/2017,163,288.151469,352.8380449,392.2291404,401.3579047,391.0318482,374.8147682,352.0606391,314.6381667,259.0695029,191.066595,124.2869725,71.94681196,38.95449345,21.44158872,12.68438787,8.12422349,5.886352379,4.971069358,4.651013351,4.728282008,6.940746387
12/11/2017,164,301.0997863,364.9661015,400.8984713,404.7419735,388.8866008,367.8094619,341.3222927,299.887666,239.3555372,167.409439,99.80186309,50.07875946,21.97676242,10.03351538,6.145160397,5.058170717,4.836976133,4.966686414,5.204547343,5.576009937,6.952005093
13/11/2017,165,273.9825248,332.5996443,366.5668317,371.8042374,358.6095741,339.8112832,316.7295596,283.1754776,235.7433668,177.4529017,117.9192819,69.01771115,37.39701663,20.97126603,13.30603405,9.337099504,6.849031442,5.285056817,4.66206707,5.077570887,6.976959787
14/11/2017,166,302.2090392,365.6538073,401.6365616,406.2218812,390.8214783,368.5999497,339.8336371,297.393929,238.3553516,169.2392332,103.5879422,53.54987107,23.4781593,9.589591721,4.937722537,3.874641409,3.838088099,4.077856604,4.363285177,4.819632907,6.99794584
15/11/2017,167,270.6295187,334.9842534,377.079391,390.3889833,382.2938003,364.3318018,337.1729584,294.3858674,234.6191244,165.5833371,101.0281046,53.01714745,24.66761412,11.21010275,5.964368449,4.248320472,3.99870725,4.383060786,5.016781346,5.989099709,7.021232587
16/11/2017,168,274.6955627,342.757391,389.6048507,408.760965,408.1929437,398.9555473,379.3415565,341.5024754,282.6765053,209.8219571,137.7342204,81.01483222,45.17292914,26.31050986,17.16212416,12.69117846,10.37877355,9.446692893,9.176479679,9.035449853,7.03762744
17/11/2017,169,255.0018209,323.2229933,373.9299345,399.053237,403.7013835,397.1400167,377.8826436,339.4445244,282.6804988,217.8385727,158.3546803,112.6218743,79.84316755,56.2084741,39.53319992,28.31561277,21.10761885,16.36872814,13.27292371,11.82643168,7.05672744
18/11/2017,170,223.6241148,282.4190996,325.9450052,348.900396,357.9559352,361.7810703,357.0717559,336.006338,297.4930375,249.032791,201.7459187,162.4883389,131.8989376,107.7128574,87.47828521,69.71056577,53.47446175,38.99413267,28.25583881,22.30998493,7.066800787
19/11/2017,171,258.0735527,317.9784588,356.5213789,368.7786392,363.0390372,349.1704498,325.0469253,283.6926326,224.8710779,158.0207594,97.67623957,54.77331997,30.35592249,18.28739995,12.1226538,8.621272673,6.77211961,6.095601679,6.275724043,7.156482992,7.08780104
20/11/2017,172,262.8485474,319.7217288,353.6928185,360.9343451,350.564152,333.3633122,308.9662695,270.104605,215.0503645,152.6590064,97.62096738,60.13266425,40.15473194,31.32939111,27.3908837,25.23636993,23.21887448,20.43022856,17.02912601,14.2023973,7.10700104
21/11/2017,173,254.6657837,307.6955298,337.8063887,341.8221234,328.9320002,308.9553897,281.32857,240.811436,187.9730235,132.4044591,86.58460288,57.1932724,42.32463947,35.41513553,31.12826564,26.6845051,21.51598745,16.36052835,12.42104765,10.7520376,7.127423787
22/11/2017,174,306.117059,362.5737329,389.072308,384.0479505,360.397701,330.8906716,296.1535671,251.0271585,196.6786376,142.1695359,98.08009676,69.19434964,52.7342039,42.89925623,35.5221613,28.50421723,21.54650467,15.40571363,11.33288818,9.646282439,7.151877787
23/11/2017,175,275.6687309,330.3780045,358.9709426,358.4107641,338.2802228,308.5986653,271.412257,227.5152257,181.3825501,139.5024917,107.0118009,84.04089365,67.22568145,53.84248239,42.79410401,33.6207292,26.10533411,19.89842247,15.02629778,12.11359586,7.184077493
24/11/2017,176,238.3500883,287.6585198,316.3654531,321.1582416,307.8306137,283.6100331,251.2803413,213.5210881,175.9360241,142.6238301,114.0523775,90.20687326,70.52502756,54.89206858,43.70080111,35.86183007,29.07682371,22.41529544,16.47697177,12.15897603,7.20736424
25/11/2017,176.9999973,280.749248,336.0188501,365.8123977,369.3152244,357.7284182,340.695504,313.6211161,267.8407756,221.6950248,172.6561013,127.687172,89.71992841,64.13667641,45.99295725,32.2292018,23.64677309,18.99422737,15.532925,12.58390006,10.58043699,7.223568987
26/11/2017,177.9999949,283.801327,338.7538941,367.8381901,370.8759199,359.6133884,343.6513301,318.255031,274.8407503,228.6133534,178.4522482,131.9188576,92.77497627,65.97527649,46.87748496,32.56833689,23.7728173,19.09055123,15.6624713,12.7530322,10.704737,7.24416832
27/11/2017,178.9999948,287.2606984,341.957692,370.3736249,372.9841666,362.1625606,347.4939898,324.1777243,283.8159622,237.2610626,185.397243,136.7387437,96.1442545,67.92151482,47.76832995,32.90791811,23.90888845,19.19348056,15.80122804,12.9407183,10.84826027,7.27158672
28/11/2017,179.999985,291.0898155,345.5827758,373.3605062,375.5518173,365.2418254,352.0195857,331.0361948,294.1240323,247.1146594,193.1758925,142.0292282,99.80741059,70.0106806,48.70283062,33.26890897,24.06791163,19.31738109,15.9636499,13.15484342,11.01362359,7.293059267
29/11/2017,180.9999888,295.2527535,349.5850097,376.7457571,378.4995003,368.7273259,357.0332867,338.4874209,305.1400674,257.6622011,201.4894572,147.6812852,103.7526469,72.28490305,49.72106292,33.67296651,24.263105,19.47694805,16.16458241,13.40359657,11.20354344,7.313454667
30/11/2017,181.9999861,299.7150588,353.9232671,380.4809151,381.7555248,372.503736,362.3472539,346.195214,316.249517,268.3989116,210.0505849,153.5928104,107.9762511,74.7938003,50.86649058,34.14264186,24.50805505,19.68730605,16.41937565,13.69552376,11.42084479,7.33488672
01/12/2017,183,343.0362148,396.755528,417.5391735,411.7294561,400.4782169,393.870262,382.1380648,352.5934028,298.3557754,224.9893656,150.4217336,92.24738752,54.29126097,31.51940465,18.17124802,11.50893376,9.287604151,8.845058311,8.303267904,7.115618794,7.364011186
02/12/2017,184,364.1768901,422.0096724,444.2437009,436.3767528,421.1529183,411.3102602,396.6352548,362.5593988,302.5747595,224.1742011,147.0425849,89.0893515,52.98467612,32.1211022,20.41277883,15.09578601,13.46442415,12.53605862,10.87147029,8.646052651,7.382064387
03/12/2017,185,304.0344954,356.6437485,380.3489558,379.275108,372.0439258,369.7710231,363.577807,340.8474983,294.7962812,230.3850192,163.9770846,110.2281766,70.98570106,42.86715113,24.39770976,14.67274575,10.76369608,9.350740162,8.450023037,7.360471734,7.40728264
04/12/2017,186,263.9677009,321.1527417,356.8703862,370.8491167,375.3798549,379.4181374,378.6198774,363.1879425,326.4881495,272.2488259,214.0442406,162.4970899,117.1114417,77.09615683,46.75091286,29.07361105,21.27537744,17.60161471,14.30584365,11.14028887,7.43470104
05/12/2017,187,285.3039814,339.8038209,370.7678826,380.5518302,382.9063772,384.9201189,379.887334,358.6387484,315.8818793,255.4158699,191.1914609,136.4377236,92.81107091,57.89574197,32.53224248,18.4186878,13.51235006,12.52072899,11.60552317,9.903922251,7.46350104
06/12/2017,188,278.2207828,332.3187501,364.1087261,376.8068208,383.5919403,388.6911496,385.2055168,365.6038545,326.1676797,271.7355127,215.1565886,164.5799283,118.6245726,76.83717124,45.03489817,28.30241305,22.81476289,21.3697242,19.38816535,15.75246721,7.491782387
07/12/2017,189.0000009,339.3776416,394.4265182,417.5233039,413.9306985,404.9154826,400.6003137,391.6166762,367.15224,319.8468383,255.9004767,190.7056544,138.5643647,96.4783613,62.66051419,39.96005555,28.17320977,23.28501985,20.40973458,17.25229779,13.72684435,7.50142744
08/12/2017,190,371.4024786,418.6431269,427.7406916,410.8824442,395.8074575,392.9063058,385.5055221,359.1072414,308.9611602,244.5819792,180.7716805,124.0032821,75.58592253,38.83991977,16.89230468,7.695750596,6.509224586,7.260928345,8.429423409,10.30900238,7.536392854
09/12/2017,191,318.0271743,372.5819203,398.2730321,400.4486263,398.4249309,399.8224277,392.7956284,365.6788565,317.4268704,259.6267815,207.8356707,166.5872059,128.1061193,90.78216299,61.74681903,47.04759024,41.60114665,37.26139666,31.27539657,24.18260823,7.562268293
10/12/2017,192,317.9692051,368.7918135,390.9574821,391.4608752,389.6290344,392.1916162,387.0383031,362.3701406,314.5384395,251.418002,189.9834644,140.8828906,100.3130075,63.7751421,34.86464732,18.33325942,12.49444561,11.42001338,10.79420814,9.63075658,7.58686424
11/12/2017,193,408.0720074,465.5397053,479.970202,460.1585384,436.4633721,426.2543604,416.608626,391.6497933,347.7005036,291.7399986,235.2349927,184.5928977,138.0562925,95.5327118,62.93952509,43.16909656,33.36592946,27.79679746,22.05724354,16.12740024,7.609819187
12/12/2017,194,429.9131553,496.0205966,520.0069684,507.9932262,484.576704,467.0323415,446.8017293,407.6852894,346.5463507,271.7264347,199.6761156,143.5618455,103.5261281,76.44130706,61.01032827,54.44268715,51.21321534,45.49379174,35.54103443,24.2577676,7.62884992
13/12/2017,195,404.8754998,465.9223163,488.3038756,479.5994225,463.867755,454.5745375,440.9392455,407.8917642,349.3594742,271.4794496,192.0770767,127.8875944,82.43920053,52.12716604,33.89350978,25.33310545,22.01473607,19.79733992,16.56807701,12.64406241,7.654309467
14/12/2017,196,382.4155198,440.0518239,461.5125391,454.9402698,443.6872403,436.7057643,420.3122524,382.8600328,322.6750331,248.3040837,175.8126843,118.8802608,78.70446711,50.17566526,31.28692961,21.2589429,17.70499044,16.16200596,13.93901114,10.97451114,7.68518264
15/12/2017,197,377.1729638,434.8249552,457.1182387,451.8908695,440.7317772,432.2592293,415.0527487,377.281311,315.672346,240.0448767,169.7623432,117.4923745,81.44096446,56.614093,41.73321534,35.66798821,34.34711074,32.38552393,27.23286235,19.93207876,7.707777787
16/12/2017,198,386.4120318,448.1460155,473.8367591,469.445035,456.436788,445.8983573,428.2348218,392.3257998,337.0648232,270.8667499,207.4554689,155.3140053,113.9545292,81.11788217,57.71278094,44.07118157,36.77325347,30.97248509,24.15769452,17.22900277,7.727496187
17/12/2017,199,480.9916625,554.1180396,580.3091495,567.6537028,543.7299648,523.0174925,493.2747552,440.217206,362.7757141,274.9420697,197.2872146,139.7319492,97.91079706,66.10250975,43.14389908,29.98739259,24.33387254,21.7923844,19.04104435,16.30132157,7.740036773
18/12/2017,200,398.3530622,457.3809088,478.0011663,468.7218167,454.2747285,446.6368286,435.0827623,405.9369446,354.8298403,289.440237,225.1565501,172.4510032,130.6377161,96.91248525,72.03246034,56.31079382,46.73247841,38.67214505,30.25477316,22.28629862,7.74140104
19/12/2017,201,419.4109527,487.6610814,517.6058461,515.3397289,502.5053477,490.1307349,467.9264951,425.8703654,363.8211786,290.479921,220.9484487,166.8036721,125.6747322,91.60289527,64.89512427,48.22119542,39.77034616,33.77043244,27.15816,20.66579891,7.77400104
20/12/2017,202,423.2887138,487.9491972,511.2353077,500.0143526,479.3944117,463.6331002,442.3591481,402.4870671,340.8299387,266.8807535,197.9586443,144.7492898,103.6219371,70.77871112,47.3825591,33.97422421,27.67163845,23.81945693,19.81879954,15.50880032,7.78970512
21/12/2017,203,462.7729771,525.0799105,541.0353972,520.6714028,493.1084004,473.7745548,449.614412,406.6072098,342.4971105,264.833307,187.6455969,125.0009882,81.85259989,55.46831826,42.09529564,36.97311391,34.65092852,31.25943719,25.61607984,19.31008055,7.80880512
22/12/2017,204,347.4803414,405.5248771,432.9398611,435.3436167,431.614627,430.797587,422.32167,393.4124943,339.1441963,267.4126517,195.6584315,137.007341,91.81973511,56.87032122,32.62651325,19.67444359,14.62447339,12.83310006,11.27121596,9.357428376,7.835977667
23/12/2017,205,423.3656232,486.3888538,509.4671041,501.8930199,488.3606201,479.0607531,461.6745702,422.8503506,358.9742702,278.2164448,198.8079251,135.9562182,90.40746471,57.51072065,35.9982882,25.01096418,20.99304311,19.10228566,16.85547753,14.06540385,7.85464584
24/12/2017,206,409.1206329,474.7418382,501.0847895,494.1373672,478.7087862,470.2358661,458.0329598,425.1243943,364.0891646,281.7359294,197.3139124,129.5254115,82.37282542,51.23500928,32.51196937,23.50675093,21.01980861,20.38972507,18.77520995,16.12462849,7.864877787
25/12/2017,207,539.4372103,616.2933596,640.7532987,623.3096671,592.6593386,564.8236108,530.7258606,475.3905978,394.9621496,301.3921824,215.284573,149.9709823,105.8066454,77.39802046,60.23968183,50.85312552,45.07225516,39.46977061,33.76800863,28.78995396,7.88534584
26/12/2017,208,437.35833,505.046414,532.659924,528.0120344,515.2424577,505.9452041,487.779217,444.8398128,371.8382639,278.7786355,187.9447695,118.3375647,73.8048907,48.47912111,34.82218374,27.41088119,23.17161449,20.03044088,16.70572018,13.33136437,7.894481926
27/12/2017,209,415.4335402,480.4264855,507.5321999,503.4301953,490.526343,481.3961274,465.1034087,427.308931,363.4896311,282.1377022,202.5019294,140.4290542,95.63865337,61.85392565,36.83268677,21.02831719,13.58801043,10.95487936,9.758166583,8.612020181,7.914032293
28/12/2017,210,438.0113211,504.1057876,529.5975164,522.4500308,505.7288508,490.1436342,465.8644835,420.3857644,350.5592053,267.268649,190.3216038,132.9095641,92.75390701,63.20135815,41.76190295,29.01194012,23.31420454,20.50988994,17.61947518,14.30532132,7.938271666
29/12/2017,211,389.1800654,446.1026068,468.3004601,465.2871084,458.5350449,454.6223164,440.6017748,403.2635512,338.3939932,255.301639,174.0056246,110.8259157,68.63501884,42.0864331,25.93986175,17.20514555,13.22946838,11.17646193,9.436996353,7.821893012,7.95106424
30/12/2017,212,472.0762454,540.250376,564.0623066,553.3181178,534.4200449,517.745566,489.9713549,437.4595327,357.9328505,263.0505535,173.7929757,107.2307822,65.58191566,41.25475976,27.20253133,19.47536297,15.89469133,14.2923535,12.73914467,10.89340694,7.953350987
31/12/2017,213,353.6216889,405.6170728,424.7806957,419.6480435,412.3006421,412.4223062,407.8106277,383.873087,334.7511903,266.605119,196.5081731,139.7199607,97.00686965,63.66313529,38.90756969,23.62882201,16.52440326,13.61681439,11.63026205,9.651751801,7.978423787
01/01/2018,214,353.1024564,403.0429958,418.5894985,408.3384696,395.6984693,393.2400805,389.070731,365.9161564,315.8014074,245.7432019,175.7007863,121.806329,83.30256716,53.46891453,30.57983751,16.07300616,9.373762694,7.275906818,6.433687473,5.606277675,7.99782744
02/01/2018,215,395.0773285,454.4172822,476.630451,470.0557373,458.5694529,452.8465816,439.9287032,404.5165023,341.2222886,258.9707638,178.8457135,117.6242995,76.0036826,48.41489188,31.31540359,23.02898587,20.15000183,18.58048174,16.06704615,12.46278656,8.017269507
03/01/2018,216,404.7317518,464.3250522,485.9361626,477.7340153,463.5600905,455.9026322,443.0666493,408.6440555,345.472053,261.7984992,179.2634116,116.6333793,75.19935453,47.25356665,28.12695433,16.66802154,11.35107805,9.139268191,7.588979227,6.160806554,8.029187107
04/01/2018,217,346.9622973,396.0024461,413.0687381,408.5565565,404.824298,408.1869036,403.5909832,376.1756068,321.18673,246.9667751,172.5132637,114.7614923,76.58194254,51.33003179,34.28227011,23.53920449,17.44668929,13.90654786,11.19324715,9.177178514,8.03346424
05/01/2018,218,431.5522642,495.6098367,520.3032729,513.2304779,494.3689831,471.261643,434.8543058,376.7320195,297.5589435,208.8450541,128.6788348,70.49409,35.92804082,18.5295651,10.75393474,7.721047756,6.776999228,6.405939514,5.893066114,5.193948428,8.04496424
06/01/2018,219,426.1163119,492.5465592,521.7919353,520.863232,508.1596526,490.977979,460.8464674,408.0877029,332.4276337,246.1851517,169.5913974,115.4660816,80.41851812,56.15645692,38.69969445,26.76984068,18.85584412,13.19451737,8.896670519,6.129310974,8.063905613
07/01/2018,220,444.1069495,510.777065,536.2253557,530.2129011,517.9403616,507.9077731,484.5127728,433.5471569,353.5538534,257.559548,168.8740395,104.9096514,67.28965695,47.14393203,35.86415436,28.88612276,23.94480855,19.26734516,14.34807868,9.946518255,8.07642744
08/01/2018,221,369.7441149,428.3553797,453.7028771,452.8943389,446.2607208,442.274097,429.5342345,395.4494383,335.2699149,257.466317,181.6611066,123.0796078,82.55748758,54.92065115,36.52110542,24.98737267,18.15690993,13.55748977,9.764956407,6.770529998,8.09424584
09/01/2018,222,378.6293847,435.0310457,456.4613001,451.8395546,445.9010286,448.5093444,443.4178713,414.0384536,356.3652027,279.1843952,200.0715368,134.972555,88.18301036,56.57126858,36.86256234,26.24547636,20.8888412,17.17366531,13.37860356,9.69777408,8.107977893
10/01/2018,223,418.3001749,478.3313585,499.5157855,492.485014,482.2440865,477.9869664,466.4866023,431.2960726,364.9556507,275.0451911,184.2062753,115.4212085,73.01760608,48.44374613,34.23286728,26.28049622,21.89209929,18.22607139,14.24626199,10.51350479,8.121360187
11/01/2018,224,408.8785544,468.1433925,489.787245,485.3067007,479.677469,480.5227112,472.6230032,438.8597951,371.4103633,278.5914413,183.756115,109.3497705,62.18467772,35.98520653,22.29594155,15.55229232,12.64352636,11.3517469,10.1509852,8.70286138,8.136055587
12/01/2018,225,387.4200235,444.6883949,467.5154852,466.6469293,465.3732927,468.5372493,459.7700494,425.7868037,363.8886247,283.414394,205.1531199,146.1494569,106.6708671,80.8005168,64.31127839,53.9498319,45.93200221,36.8418666,26.45325855,17.09908878,8.147250274
13/01/2018,226,396.4951719,457.9536676,484.8809043,486.7430361,484.4424159,483.3926068,470.5487294,434.9299757,372.6039535,289.6397275,203.5475453,133.6142803,87.88087256,62.16554118,49.34483236,43.43144401,38.94618051,32.24700396,23.44490772,15.36097394,8.163064886
14/01/2018,227,398.393024,457.3878042,480.5233435,477.2369314,470.5436037,469.6517132,461.7846462,431.3043232,370.1643996,285.1228424,197.2823489,127.8430508,80.98573119,50.69585422,32.6255958,23.60921946,20.60106332,19.13327096,16.56066856,12.88601853,8.19118264
15/01/2018,228,411.6848971,477.3033981,506.8280592,507.6277472,500.8762471,494.2121841,475.8369972,432.9525852,360.2767248,265.7205656,171.6875042,100.7217666,57.42735971,32.57938848,17.885699,9.825635571,6.498626708,5.527894198,5.043841766,4.581197216,8.191400093
16/01/2018,229,406.0147619,467.6715306,493.3560378,492.9325887,489.6668719,489.12742,475.1496145,433.7525504,361.7931418,269.8388143,180.1772271,113.413148,72.84292696,49.4944735,35.94620974,29.13174488,26.28978868,23.74441831,19.7619494,14.77942384,8.20986424
17/01/2018,230,478.9417933,547.0300924,570.3665034,561.5016855,549.5765116,542.6463909,519.6112673,463.6367259,375.6835695,273.6352607,184.6305343,126.5217151,95.82885871,81.69090549,76.0142665,71.75107604,63.57601657,50.52060447,35.31168329,22.01920032,8.20986424
18/01/2018,231,358.3939116,414.4496288,439.3027354,441.617036,442.1483666,446.4006764,440.3520366,410.032227,349.2082618,264.9279582,177.8535553,108.7536053,63.26602381,35.82879556,19.83166204,11.36938215,7.829400484,6.556814412,5.725093214,4.938284451,8.22402744
19/01/2018,232,376.9935484,435.0099816,458.9997561,457.1102056,451.1570476,449.4695891,437.9600771,402.1423051,337.7883445,253.9526231,171.461751,109.1334624,69.51172084,45.22037756,30.45460738,22.4336943,18.5308507,15.70683526,12.37153471,8.901491411,8.224241787
20/01/2018,233,459.3334228,528.3244473,554.2318773,547.2243906,535.3234442,528.4596956,511.2361515,469.0111924,398.1691531,308.6902258,221.2044661,153.6560705,109.5865725,83.35473481,68.7514165,60.15215278,52.16953613,41.86838587,29.84155406,19.00824128,8.244591735
21/01/2018,234,413.91444,473.2298672,492.8875651,483.4308431,473.368495,476.1287578,473.117078,442.9615762,377.4308962,284.8069834,188.1350156,111.5439017,63.69888814,38.72922545,27.04149324,21.54231364,18.32766415,15.41663621,12.14212714,9.000746674,8.244606366
22/01/2018,235,469.4004703,542.0352628,570.9121807,565.8294934,555.210831,550.0351282,533.4893816,487.4285144,407.2828052,304.223419,202.9451149,127.2495603,81.74485801,56.3438237,41.48780983,31.88933929,25.13651366,19.36344023,13.82050856,9.268909591,8.259864387
23/01/2018,236,423.678367,489.8922247,517.0384305,514.725539,509.246162,509.7976666,501.1448258,468.382551,403.5949601,313.2285724,219.4082936,145.0524448,94.92198459,62.52362462,42.57817238,31.17638085,24.483473,19.1267577,14.20560919,10.20366139,8.277164387
24/01/2018,237,359.8362661,416.6095246,442.996205,448.5679639,454.0904112,463.7723328,463.0007939,438.5838716,384.3649687,305.8878128,221.335218,150.224262,99.79846278,66.04540436,44.38537845,32.1905782,25.60993965,20.58328692,15.34952009,10.67331023,8.283468987
25/01/2018,238,381.8429646,442.7564981,470.5132798,474.5156899,477.9920025,488.4742916,489.9872582,464.2700023,402.307456,310.9553144,213.7078011,135.8857051,85.84190008,57.69774937,43.13539818,36.350683,32.32354568,28.00282563,22.68389082,17.04404547,8.28594584
26/01/2018,239,464.7754611,537.1484525,564.6190673,555.0505641,536.3812617,523.3565651,504.7510195,468.3791978,413.2604214,345.3951522,277.6805687,220.5648247,176.2344254,146.1101781,128.681525,116.437447,101.7147423,80.65186473,56.41246303,35.67954503,8.296800093
27/01/2018,240,441.3702233,508.282597,534.0119863,528.2180031,518.3086999,514.833558,500.7785369,459.8548438,387.7217443,295.5461507,206.2292741,139.0652578,97.52129843,73.90434644,60.41453454,51.64905438,43.56297389,34.14927891,24.04095035,15.54525597,8.302482387
28/01/2018,241,441.7539534,507.590348,532.1418067,526.8947131,521.2857012,523.7392855,515.0102854,477.0297332,403.410148,304.8411942,207.3258285,134.0880619,89.88879607,64.61761714,50.51309915,42.93130369,37.36604032,30.53592814,22.10126791,14.25736081,8.31654584
29/01/2018,242,385.231614,445.8735644,471.083816,468.9809358,462.8981523,463.8948462,459.4928879,432.6863606,375.0365908,293.7337124,210.4358164,143.7165325,96.43212635,63.3565369,41.69677469,29.79860038,24.36935529,20.77670105,16.44869226,11.69774789,8.32044584
30/01/2018,243,359.2624557,409.3682337,427.2495285,425.9963918,430.3072865,444.4057665,449.1226934,426.4478964,369.3018604,284.5208856,192.4490992,115.5491681,63.79460399,33.89715487,18.38619885,11.05274352,8.058786571,6.81125811,5.922531847,5.118260656,8.32687856
31/01/2018,244,332.1737234,386.5109274,413.0253324,420.1799185,426.9003696,436.7612735,435.6942383,411.2042465,358.237001,283.0193252,204.0800876,141.151835,98.25652636,68.15957198,47.3128799,34.61509985,27.62005075,22.56096597,17.37173075,12.31036709,8.33004584
01/02/2018,245,430.6340653,490.7428058,510.4780304,502.3496825,494.8601634,497.5031324,491.0659775,456.3648978,387.0352593,292.1542951,195.0245806,119.9199798,73.80469235,48.99291286,35.91091617,28.46146329,23.19156145,18.4930526,14.05433339,10.31646505,8.337775027
02/02/2018,246,396.5600593,454.9676806,476.5628326,472.0332085,466.394436,466.60271,454.8708871,417.177906,354.0418916,278.9124267,210.002265,158.4046735,123.7810974,99.49047681,80.99609382,65.92534531,52.08548819,38.72749552,27.69905608,20.96857667,8.338507797
03/02/2018,247,395.6697434,456.7707083,483.3840023,484.6476765,481.7412551,481.2202261,469.6900908,434.4571677,372.3813154,291.5335013,210.3802188,146.8255318,105.2264144,79.69940184,63.65371394,52.79775956,43.7226596,34.07383792,23.95401224,15.43987805,8.339761227
04/02/2018,248,416.7654616,478.2846751,501.5374166,497.7231605,493.4607627,496.5103199,488.8648765,453.7998307,385.3939472,293.5095153,201.341062,129.4553772,82.19154602,53.09325013,35.67337595,26.07993745,21.08388147,17.50426213,13.69620174,9.925431797,8.346511427
05/02/2018,249,343.2945736,393.8789651,414.6316807,416.5985817,421.4512404,434.7066133,440.6993394,422.9073698,372.0213594,292.0008711,203.1582109,129.6573638,79.98475581,48.72194525,30.25328521,21.24374766,17.73348918,15.88523278,13.537805,10.59102837,8.35684584
06/02/2018,250,354.9503918,411.0692737,437.3727184,442.7810844,446.9009757,456.0749639,457.1681311,434.0508952,377.9669688,295.0802181,206.9427373,135.7283286,86.63056338,53.2698281,30.91169816,17.64860121,11.14194295,8.189388315,6.445457419,5.229691467,8.360847427
07/02/2018,251,408.9597582,469.0804226,490.8494434,484.5262404,477.231962,480.0220882,475.6681009,444.7910418,378.1093491,282.0918488,180.0238682,98.2541116,48.08052742,23.7770751,14.14296466,10.84088411,9.803681142,9.196077127,8.166984288,6.839488866,8.36568264
08/02/2018,252,380.1669199,440.9608629,468.817701,471.7729924,471.8105768,478.3644166,476.6917836,448.9139404,386.244839,295.4685624,199.5361065,123.5988576,75.2257642,45.59891234,26.62033798,15.57919928,10.54426327,8.669338763,7.498599509,6.341476106,8.36568264
09/02/2018,253,383.3588709,450.2895735,485.1692845,495.2304755,502.3525376,513.7744599,514.6098953,488.5137473,426.9169418,335.228403,235.5754759,153.1794954,95.68400776,56.65762892,31.29527963,17.71715744,12.53954631,10.795392,9.399416277,7.752433369,8.36568264
10/02/2018,254,379.483636,446.3312167,481.4924087,492.4300296,500.8560464,512.325384,510.3498907,479.8966396,415.5567003,326.1459625,235.7155926,167.0433725,121.176358,87.83757665,62.5159501,45.03145368,34.28247759,26.79948326,20.07454376,14.1855778,8.36568264
11/02/2018,255,426.5914917,489.3338059,512.0894493,505.9599401,498.0341756,497.0287143,486.2677164,448.719835,378.372977,284.1249507,189.0869189,116.2473331,71.52013827,46.37584383,31.16742661,21.12556053,15.47515465,12.92035024,11.45431033,10.03537578,8.36644584
12/02/2018,256,379.8626522,447.386923,483.9784179,496.4615981,505.7976144,519.2878122,521.7261381,495.5222278,431.2937497,335.7383536,232.8570546,148.587462,90.30512624,52.08203657,28.33828817,15.66236519,10.56878827,8.804501955,7.744809871,6.884843458,8.36568264
13/02/2018,257,383.6659184,450.8719658,485.4282721,494.1064248,498.9709983,506.7699591,501.3353341,466.8602283,397.8397741,303.8183251,207.8690089,133.5310215,86.40364764,57.32032862,39.10579819,29.67292004,26.53415993,25.1085497,22.40363664,18.04869524,8.36568264
14/02/2018,258,362.1668795,424.6605624,457.4966955,469.3103318,480.6837934,494.9517085,495.510972,466.3328934,400.6105417,306.1112053,205.6231441,123.988718,70.71164315,40.27038409,23.97875047,15.72241251,11.62652708,9.245823578,7.502921647,6.339566441,8.36568264
15/02/2018,259,367.1543398,429.1211174,459.7956589,468.2453297,477.5587827,493.6193515,499.0667795,476.9064968,417.9099272,326.7126489,226.1871144,144.5355019,90.74192393,55.9528533,33.45881021,20.7551977,15.21046281,12.78619782,10.63579345,8.479829708,8.3639724
16/02/2018,260,364.2774858,428.9621379,463.6748211,475.2994989,484.2427772,497.4650498,500.3358618,476.4069039,416.5247593,325.3066214,224.7806176,141.1611095,85.34931772,52.11010682,33.40322043,23.74352594,19.24529895,16.40701967,13.30822088,10.09406333,8.3639724
17/02/2018,261,396.426763,464.194556,499.2082392,510.2586447,519.6835349,533.0152528,533.8844837,505.1025335,438.3604492,340.5923019,235.1891867,148.3829219,89.91018991,53.61453864,32.76895912,22.29090963,17.68744079,15.19442305,12.76778227,10.4222558,8.3639724
18/02/2018,262,390.8660446,460.4964747,497.1868408,506.9831515,510.892295,515.6155492,507.290106,471.9911659,404.6083553,312.9815346,218.9727543,144.0851971,92.368646,57.15717649,34.02413847,20.96580133,15.09382249,12.5702442,10.76713086,9.132594881,8.363438227
19/02/2018,263,366.4382182,430.4318378,463.3377748,472.69953,479.912861,491.6065399,493.5629305,469.4606874,410.2279355,321.6514078,226.0013101,147.6044052,93.1017896,56.16041146,31.81726814,17.98703278,11.9951614,9.691115009,8.166642487,6.838924831,8.363438227
20/02/2018,264,400.1138106,468.3169931,501.1417998,506.918873,511.5382967,524.790889,528.466519,503.0296245,439.615265,344.4441192,239.8257547,151.8760568,91.88694045,55.64695427,34.75694811,23.41783345,17.98456136,14.98848867,12.37248903,9.847905497,8.363438227
21/02/2018,265,349.6585949,413.956661,450.0716587,464.2864786,475.2082911,487.8487551,489.2213284,465.4527253,409.2935225,325.2962294,233.7045977,158.4021138,107.5985273,75.85546334,56.56090442,45.17432573,37.73559944,30.92874585,23.50096264,16.69482929,8.364847827
22/02/2018,266,372.6769852,437.5116184,470.8309773,480.0758849,486.4839354,496.8859656,497.4510438,473.0513733,415.4043353,329.1931823,235.2389875,157.423408,102.3021497,62.90912558,35.46932917,19.41824526,12.41369678,9.873136197,8.349452455,6.926243886,8.367483307
23/02/2018,267,379.7477405,449.1731598,486.8934427,497.9026715,502.853067,510.2643785,507.3298446,478.9067667,417.2214243,327.559292,230.6554491,149.9899159,93.57334951,55.56095005,30.5338517,16.38130163,10.5564443,8.885910751,8.070882791,7.10158828,8.372907347
24/02/2018,268,419.5980591,487.0336685,517.2688713,521.0362065,525.1224351,536.1230655,533.5983165,499.1216169,426.150107,323.2636917,215.9705527,132.022487,80.58123058,53.7241122,39.89006331,31.93314937,26.63108938,21.93363029,16.94591006,12.40605519,8.372907347
25/02/2018,269,358.8325067,422.6270905,457.4298141,470.774294,483.2870398,500.0922587,504.5703587,480.7096424,421.3870219,333.9920474,242.2333507,169.4284731,118.5857706,81.70276855,54.55950977,37.06779092,27.32019754,21.34107178,16.80872097,13.33943531,8.372907347
26/02/2018,270,362.6317916,426.6554159,459.4488846,467.5752004,472.9919247,483.4828958,483.5762167,457.7254965,399.3114097,314.6181751,223.5921097,147.9492476,94.74997211,59.24329063,35.79530413,21.79974071,15.01404902,12.09098207,10.21434495,8.554863745,8.372907347
27/02/2018,271,407.8595306,478.3584929,513.0510251,519.7149784,522.8105717,530.0396069,523.9238441,488.2809081,417.0287932,317.5267558,212.9141329,129.0529277,74.47786071,42.12710965,23.61145043,14.39653287,11.10393406,10.2402026,9.307195596,7.815337476,8.372907347
28/02/2018,272,381.6210824,443.7848506,472.1196704,475.2871662,477.3611376,486.9285593,488.6672029,464.8715178,406.5940342,318.6172137,221.9947587,141.4124331,86.52605779,52.78117578,32.80306011,22.05979608,16.85768497,13.79080785,10.94792843,8.30890885,8.370474987
01/03/2018,272.9999868,390.4473642,442.2420778,483.090418,488.1622987,493.2632307,502.9288689,502.0643313,467.9365663,409.3047687,304.2879577,212.3125146,144.7599481,91.99717779,59.67926975,42.55118556,31.80479358,24.58566157,18.20181032,14.49941289,11.13084944,8.36110496
02/03/2018,273.9999879,391.9104363,441.5432978,483.5269265,487.9446548,492.7983018,502.1326884,501.2420656,466.24289,408.9693031,300.0828495,210.5009392,145.7707468,93.1084968,60.58586716,43.8787598,33.18313107,25.80002824,19.05295682,15.06752873,11.46605096,8.35896016
03/03/2018,274.9999921,393.3436051,440.7998196,483.9449805,487.7192369,492.3341418,501.3323275,500.4708096,465.0011291,409.1909561,296.1960784,209.2558465,147.4825786,94.86689363,61.80572609,45.34888524,34.65849044,27.10706765,20.01861748,15.70896357,11.84062792,8.347520683
04/03/2018,275.999994,394.7152337,440.0345841,484.3377422,487.4876103,491.8647934,500.5216033,499.7444994,464.3652823,410.0753172,292.8807702,208.7848941,150.0245756,97.39158636,63.38354919,46.95970109,36.22113551,28.4980021,21.10171364,16.42456651,12.25454603,8.34494176
05/03/2018,277,407.4987232,433.7235705,482.7370444,482.7370444,486.7886341,497.4216112,496.1650297,441.8470358,386.0580554,248.0568131,112.7554754,65.39437637,30.9337482,22.09553519,18.38967159,16.52007751,16.20374276,15.42590179,18.55520466,15.04447237,8.34282744
06/03/2018,278,407.4987232,433.7235705,488.0929789,488.0929789,492.167954,496.8504381,496.1650297,448.1118253,395.1304585,277.2829274,211.497454,166.0610313,76.41308385,59.47936476,47.25440793,47.25440793,47.25440793,18.93663408,11.51085571,9.603708632,8.34282744
07/03/2018,279.0000036,398.1594304,437.8163548,485.2761771,486.72832,490.3101349,497.9219254,497.7254307,467.1961735,417.3524248,288.4055796,213.508177,163.4289284,110.4455525,70.61641312,52.58014512,41.32027798,33.07894055,25.08537237,19.03480205,13.7364328,8.341992627
08/03/2018,280.0000079,399.0204479,437.1453248,485.4729198,486.4126833,489.6631239,496.9251197,497.0084467,469.2124024,420.7196073,288.5573542,216.6696044,169.2214268,116.0895177,73.70775671,54.61737717,43.09468211,34.7025396,26.64646234,20.06267857,14.31315383,8.34166016
09/03/2018,281,407.4987232,433.7235705,482.7370444,482.7370444,486.7886341,495.6024494,496.7362029,490.3362804,465.8559558,314.2775392,240.7235683,190.0696706,144.3729356,59.47936476,47.25440793,16.90150693,15.40084553,10.37116197,9.989732559,9.603708632,8.337861227
10/03/2018,282,407.4987232,433.7235705,489.9121407,489.9121407,492.167954,496.8504381,496.1650297,484.6503243,423.0526672,286.3553305,240.7235683,232.7206886,195.0268333,138.8288401,136.7641147,128.7612349,66.22340713,57.41463938,47.25440793,18.55520466,8.33550104
11/03/2018,283,407.4987232,433.7235705,484.5328208,484.5328208,490.3487921,497.4216112,496.1650297,484.6503243,423.0526672,277.2829274,211.497454,139.2112239,76.41308385,41.06023179,21.5669151,16.71308948,15.59385749,10.37116197,9.989732559,9.603708632,8.328765427
12/03/2018,284,396.5915638,433.7235705,489.7693474,485.8016475,487.1059922,491.164482,490.4790737,448.1118253,423.0526672,286.3553305,240.7235683,190.0696706,152.3758153,103.9761529,57.41463938,57.41463938,47.25440793,33.93610931,15.04447237,9.989732559,8.328378984
13/03/2018,284.9999802,400.9551783,434.4374502,485.0502599,483.427876,483.9387728,489.3383825,490.9219599,472.6101824,430.7870072,293.1721257,232.9727933,196.5973956,140.1392589,89.90493972,64.29061654,51.65020879,43.16730091,35.64400991,26.22431817,17.77118905,8.326720347
14/03/2018,286,396.5915638,433.7235705,489.7693474,485.8016475,487.1059922,491.164482,490.4790737,484.6503243,447.6404207,314.2775392,240.7235683,232.7206886,152.3758153,103.9761529,57.41463938,57.41463938,47.25440793,47.25440793,18.55520466,12.98646085,8.325845123
15/03/2018,287,409.859451,433.7235705,485.8016475,485.8016475,487.1059922,491.164482,490.4790737,484.6503243,447.6404207,314.2775392,249.7959714,232.7206886,152.3758153,130.8259603,66.22340713,57.41463938,57.41463938,57.41463938,47.25440793,47.25440793,8.32562744
16/03/2018,288,409.859451,433.7235705,485.8016475,485.8016475,469.8673278,472.8061536,490.4790737,466.4347892,429.3174567,314.2775392,249.7959714,232.7206886,195.0268333,138.8288401,136.7641147,136.7641147,128.7612349,85.09978002,57.41463938,57.41463938,8.322647827
17/03/2018,288.9999863,400.3295147,432.6777133,482.5228075,478.2234737,475.1868961,478.972016,480.6444968,465.3653712,426.3466754,292.8007703,239.1779591,207.4974181,146.6943369,97.96805482,70.328077,57.38122378,48.96080919,42.43343422,31.58904082,20.69453804,8.322547427
18/03/2018,290,396.5915638,433.7235705,485.8016475,485.8016475,487.1059922,491.164482,490.4790737,466.4347892,429.3174567,286.3553305,240.7235683,232.7206886,152.3758153,138.8288401,101.9114275,66.22340713,57.41463938,57.41463938,47.25440793,15.04447237,8.31234176
19/03/2018,291,407.4987232,433.7235705,489.7693474,489.7693474,487.1059922,491.164482,490.4790737,484.6503243,429.3174567,286.3553305,240.7235683,190.0696706,152.3758153,87.1645054,57.41463938,47.25440793,47.25440793,47.25440793,33.93610931,16.68561059,8.311002747
20/03/2018,292,380.1378504,422.8164111,444.8848106,444.8848106,446.1891553,448.2184002,447.6757851,441.8470358,395.1304585,286.3553305,240.7235683,232.7206886,152.3758153,138.8288401,101.9114275,57.41463938,57.41463938,47.25440793,33.93610931,12.98646085,8.307334933
21/03/2018,293,396.5915638,436.0842983,485.8016475,468.562983,452.4539448,454.4831897,453.9405746,448.1118253,423.0526672,286.3553305,240.7235683,190.0696706,144.3729356,68.28813251,57.41463938,57.41463938,47.25440793,47.25440793,47.25440793,18.55520466,8.30278672
22/03/2018,294,396.5915638,433.7235705,485.8016475,468.562983,452.4539448,454.4831897,453.9405746,441.8470358,395.1304585,277.2829274,211.497454,190.0696706,81.83510778,59.47936476,47.25440793,37.86371491,27.76481755,22.87095353,18.55520466,15.04447237,8.30238264
23/03/2018,295.0000027,398.9580541,429.290046,476.6299705,468.599547,460.2730379,461.2435591,460.3569755,447.1862191,409.8788872,282.22999,238.7420108,203.8830753,138.9562763,94.59401732,73.86950514,63.37971166,53.45366631,47.79766259,36.77488781,24.97187176,8.297417053
24/03/2018,296,396.5915638,436.0842983,485.8016475,468.562983,452.4539448,454.4831897,453.9405746,441.8470358,395.1304585,277.2829274,240.7235683,190.0696706,144.3729356,87.1645054,57.41463938,57.41463938,47.25440793,47.25440793,22.87095353,12.98646085,8.296679823
25/03/2018,297,396.5915638,422.8164111,468.562983,451.1496001,452.4539448,454.4831897,453.9405746,441.8470358,423.0526672,286.3553305,240.7235683,232.7206886,152.3758153,138.8288401,128.7612349,101.9114275,66.22340713,57.41463938,57.41463938,47.25440793,8.293183357
26/03/2018,298,396.5915638,433.7235705,485.8016475,485.8016475,452.4539448,448.2184002,447.6757851,441.8470358,395.1304585,277.2829274,240.7235683,190.0696706,117.5231282,59.47936476,57.41463938,57.41463938,57.41463938,47.25440793,47.25440793,33.93610931,8.29266832
27/03/2018,298.9999849,399.3683516,426.0091287,472.3857588,464.8046687,455.0324827,454.1740532,452.6656,442.6748743,408.0187258,276.4587676,238.0548728,201.4187488,137.6078709,90.39052457,74.97043421,66.75857884,55.32689476,49.38604086,38.68455713,28.34704447,8.289100397
28/03/2018,299.9999985,399.642529,425.1173811,471.432185,464.2212908,454.4220751,453.1669199,451.670641,442.700304,409.2340216,275.0682199,237.79869,201.1230371,138.2135576,89.65434011,75.18823657,67.50315659,55.71084786,49.61733445,39.0398711,29.20039127,8.28594584
29/03/2018,300.9999879,399.9668005,424.2213056,470.5395407,463.7524227,454.0270273,452.4074352,450.973156,443.0343429,410.9106543,273.6590028,237.5011412,200.9057443,139.0518611,89.05200742,75.39114087,68.20502472,56.062978,49.79549628,39.35345226,30.04319556,8.28548672
30/03/2018,301.9999965,400.3302271,423.3330487,469.7111167,463.385053,453.8116596,451.8613282,450.5287024,443.5934683,412.8902241,272.2099784,237.1614596,200.7168795,140.0083169,88.55645877,75.57567887,68.86082954,56.38295553,49.92539689,39.62628784,30.86774074,8.28548672
31/03/2018,303.000005,400.721824,422.4645559,468.950231,463.1069036,453.742231,451.4960178,450.2943718,444.2947655,415.0154979,270.6977604,236.776415,200.5028086,140.9671415,88.14111181,75.73770345,69.46674029,56.66997496,50.0112138,39.85891037,31.66621859,8.28548672
01/04/2018,303.9999987,401.1305168,421.6276584,468.2602722,462.90629,453.7865139,451.2802989,450.2284215,445.0550044,417.1290814,269.0964395,236.3402863,200.2053509,141.8087293,87.77942808,75.87234431,70.01842147,56.9227455,50.05646213,40.05139807,32.43070047,8.28548672
02/04/2018,305.0000037,401.5450983,420.8341585,467.6447416,462.7719861,453.9133823,451.1840374,450.2899129,445.789708,419.0720857,267.3772738,235.8448031,199.7607999,142.4070693,87.44446567,75.97395726,70.51100269,57.13947882,50.06402091,40.20337279,33.15310807,8.276403253
03/04/2018,306,404.7716952,416.715922,466.7634052,464.4416208,457.5169504,452.304109,451.906573,447.9103645,442.1924982,292.4735439,241.0382285,214.9905239,181.5156605,99.28616484,86.43673062,83.11302188,62.38428673,51.58141156,42.97642852,40.08330349,8.27456016
04/04/2018,307,404.7716952,416.715922,464.1336916,462.3923533,455.4075195,452.340665,452.015096,445.9334156,414.7830597,244.9965779,233.43619,181.5156605,136.1148388,74.43762717,73.03846641,71.37661204,58.69543664,50.62477145,42.01978841,37.1785761,8.27382744
05/04/2018,308,404.7716952,416.715922,464.1336916,462.3923533,455.4075195,452.340665,451.9667363,445.9334156,414.7830597,256.8716259,233.43619,207.7031455,136.1148388,87.20359141,73.67076639,71.37661204,58.69543664,51.58141156,42.01978841,37.1785761,8.27254584
06/04/2018,309,404.7716952,416.715922,464.1336916,462.3923533,455.4075195,452.340665,451.9667363,448.9951616,414.7830597,256.8716259,233.43619,181.5156605,136.1148388,74.43762717,73.03846641,71.37661204,56.77055406,47.73164641,39.11506103,37.1785761,8.26346424
07/04/2018,310,404.7716952,416.715922,466.7634052,464.4416208,455.4676828,452.340665,452.015096,447.9103645,442.1924982,256.8716259,233.43619,207.7031455,181.5156605,99.28616484,86.43673062,83.11302188,59.32773661,51.58141156,42.97642852,40.08330349,8.258066853
08/04/2018,311,404.7716952,416.715922,464.1336916,462.3923533,455.4075195,452.340665,452.015096,447.9103645,442.1924982,256.8716259,233.43619,207.7031455,136.1148388,99.28616484,73.03846641,71.37661204,58.69543664,47.73164641,39.11506103,37.1785761,8.256483827
09/04/2018,312,404.7716952,416.715922,466.7634052,462.3923533,455.4075195,452.340665,452.015096,448.9951616,414.7830597,256.8716259,233.43619,207.7031455,136.1148388,99.28616484,86.43673062,71.37661204,58.69543664,51.58141156,42.01978841,37.1785761,8.243904053
10/04/2018,313,404.7716952,416.715922,466.7634052,464.4416208,457.5169504,452.340665,452.015096,447.9103645,414.7830597,256.8716259,233.43619,207.7031455,136.1148388,87.20359141,73.03846641,71.37661204,58.69543664,50.62477145,39.11506103,37.1785761,8.24298264
11/04/2018,314,404.7716952,416.715922,464.1336916,462.3923533,455.4075195,452.340665,452.015096,448.9951616,414.7830597,256.8716259,233.43619,181.5156605,111.9571811,73.8053272,73.03846641,71.37661204,56.77055406,47.73164641,39.11506103,37.1785761,8.23362744
12/04/2018,314.9999942,404.3641036,416.5647263,465.5333443,463.3393425,455.5387879,452.0597192,451.815561,433.9635764,414.7591248,249.4778192,227.6114064,174.8615082,126.002634,80.57652025,74.77943707,72.13026011,57.43384568,48.75659248,39.87539787,37.19247399,8.23286424
13/04/2018,316,404.7716952,416.715922,466.7634052,464.4416208,455.4075195,452.340665,451.9667363,414.1211232,408.0263165,244.9965779,226.1488116,151.144036,111.9571811,73.8053272,73.03846641,71.37661204,56.77055406,47.73164641,39.11506103,37.1785761,8.222655383
14/04/2018,317,404.7716952,416.715922,466.7634052,464.4416208,457.5169504,452.340665,452.015096,445.9334156,408.0263165,237.3945393,199.9613267,137.527741,110.4289061,73.8053272,73.03846641,71.37661204,56.77055406,47.73164641,39.11506103,37.1785761,8.219221133
15/04/2018,318,404.7716952,416.715922,466.7634052,464.4416208,455.4676828,452.340665,452.015096,414.1211232,408.0263165,244.9965779,233.43619,181.5156605,136.1148388,74.43762717,73.03846641,71.37661204,56.77055406,47.73164641,39.11506103,37.1785761,8.218200397
16/04/2018,319,404.7716952,416.715922,466.7634052,464.4416208,455.4676828,452.340665,452.015096,414.1211232,408.0263165,244.9965779,226.1488116,151.144036,111.9571811,73.8053272,73.03846641,71.37661204,56.77055406,47.73164641,39.11506103,37.1785761,8.215162133
17/04/2018,320,404.7716952,416.715922,466.7634052,464.4416208,455.4676828,452.340665,452.015096,414.1211232,408.0263165,244.9965779,226.1488116,151.144036,111.9571811,73.8053272,73.03846641,71.37661204,56.77055406,47.73164641,39.11506103,37.1785761,8.20826832
18/04/2018,321,404.7716952,416.715922,466.7634052,464.4416208,455.4075195,452.340665,451.9667363,414.1211232,408.0263165,244.9965779,226.1488116,139.0614626,110.4289061,73.8053272,73.03846641,71.37661204,56.77055406,47.73164641,39.11506103,37.1785761,8.203129307
19/04/2018,322,404.7716952,416.715922,464.1336916,462.3923533,455.4075195,452.340665,451.0745845,414.1211232,408.0263165,244.9965779,226.1488116,151.144036,111.9571811,73.8053272,73.03846641,71.37661204,56.77055406,47.73164641,39.11506103,37.1785761,8.1998
20/04/2018,323,404.7716952,416.715922,466.7634052,464.4416208,455.4075195,452.340665,451.9667363,414.1211232,408.0263165,244.9965779,226.1488116,151.144036,111.9571811,73.8053272,73.03846641,71.37661204,56.77055406,47.73164641,39.11506103,37.1785761,8.194594444
21/04/2018,324,404.7716952,416.715922,466.7634052,464.4416208,455.4075195,452.340665,451.9667363,414.1211232,408.0263165,244.9965779,226.1488116,139.0614626,110.4289061,73.8053272,73.03846641,71.37661204,56.77055406,47.73164641,39.11506103,37.1785761,8.193561111
22/04/2018,325,404.7716952,416.715922,466.7634052,464.4416208,455.4676828,452.340665,452.015096,445.9334156,408.0263165,244.9965779,226.1488116,151.144036,111.9571811,73.8053272,73.03846641,71.37661204,56.77055406,47.73164641,39.11506103,37.1785761,8.192411111
23/04/2018,326,404.7716952,416.715922,466.7634052,464.4416208,455.4676828,452.340665,452.015096,414.1211232,408.0263165,244.9965779,226.1488116,151.144036,111.9571811,73.8053272,73.03846641,71.37661204,56.77055406,47.73164641,39.11506103,37.1785761,8.185494444
24/04/2018,327,404.7716952,416.715922,466.7634052,464.4416208,457.5169504,452.340665,452.015096,448.9951616,414.7830597,244.9965779,233.43619,181.5156605,124.0322654,74.43762717,73.03846641,71.37661204,56.77055406,47.73164641,39.11506103,37.1785761,8.183538889
25/04/2018,328,404.7716952,416.715922,466.7634052,464.4416208,455.4676828,452.340665,452.015096,445.9334156,414.7830597,244.9965779,226.1488116,151.144036,111.9571811,73.8053272,73.03846641,71.37661204,56.77055406,47.73164641,39.11506103,37.1785761,8.1794
26/04/2018,329,404.7716952,416.715922,466.7634052,464.4416208,457.5169504,452.340665,452.015096,447.9103645,414.7830597,256.8716259,233.43619,181.5156605,136.1148388,74.43762717,73.03846641,71.37661204,56.77055406,47.73164641,39.11506103,37.1785761,8.1744
27/04/2018,330,404.7716952,416.715922,466.7634052,464.4416208,457.5169504,452.2439457,452.015096,447.9103645,414.7830597,256.8716259,233.43619,181.5156605,124.0322654,74.43762717,73.03846641,71.37661204,56.77055406,47.73164641,39.11506103,37.1785761,8.1679
28/04/2018,331,404.7716952,416.715922,466.7634052,464.4416208,457.5169504,452.340665,452.015096,447.9103645,414.7830597,256.8716259,233.43619,181.5156605,136.1148388,74.43762717,73.03846641,71.37661204,56.77055406,47.73164641,39.11506103,37.1785761,8.164633333
29/04/2018,332,404.7716952,416.715922,466.7634052,464.4416208,457.5169504,452.2439457,452.015096,447.9103645,414.7830597,256.8716259,233.43619,181.5156605,136.1148388,74.43762717,73.03846641,71.37661204,56.77055406,47.73164641,39.11506103,37.1785761,8.1637
30/04/2018,333,404.7716952,416.715922,466.7634052,464.4416208,457.5169504,452.304109,451.906573,447.9103645,442.1924982,256.8716259,226.1488116,139.0614626,110.4289061,73.8053272,73.03846641,71.37661204,56.77055406,47.73164641,39.11506103,37.1785761,8.1577
01/05/2018,334,404.7716952,416.715922,466.7634052,464.4416208,457.5169504,452.340665,452.015096,447.9103645,442.1924982,256.8716259,233.43619,207.7031455,136.1148388,78.38917088,73.03846641,71.37661204,58.69543664,47.73164641,39.11506103,37.1785761,8.1577
02/05/2018,335,404.7716952,416.715922,466.7634052,464.4416208,457.5169504,452.304109,451.906573,447.9103645,442.1924982,256.8716259,226.1488116,139.0614626,110.4289061,73.8053272,73.03846641,71.37661204,56.77055406,47.73164641,39.11506103,37.1785761,8.156266667
03/05/2018,336,404.7716952,416.715922,466.7634052,464.4416208,457.5169504,452.340665,452.015096,447.9103645,414.7830597,256.8716259,233.43619,181.5156605,111.9571811,73.8053272,73.03846641,71.37661204,56.77055406,47.73164641,39.11506103,37.1785761,8.154033333
04/05/2018,337,404.7716952,416.715922,464.1336916,462.3923533,455.4075195,452.340665,452.015096,447.9103645,410.3802058,256.8716259,226.1488116,139.0614626,110.4289061,73.8053272,73.03846641,71.37661204,56.77055406,47.73164641,39.11506103,37.1785761,8.154033333
05/05/2018,338,404.7716952,416.715922,466.7634052,464.4416208,457.5169504,452.2439457,452.015096,447.9103645,414.7830597,256.8716259,226.1488116,151.144036,111.9571811,73.8053272,73.03846641,71.37661204,56.77055406,47.73164641,39.11506103,37.1785761,8.154033333
06/05/2018,339,404.7716952,416.715922,466.7634052,464.4416208,457.5169504,452.304109,451.906573,447.9103645,442.1924982,256.8716259,233.43619,181.5156605,136.1148388,74.43762717,73.03846641,71.37661204,56.77055406,47.73164641,39.11506103,37.1785761,8.155938889
07/05/2018,340,404.7716952,416.715922,466.7634052,464.4416208,457.5169504,452.304109,451.906573,447.9103645,442.1924982,256.8716259,226.1488116,139.0614626,110.4289061,73.8053272,73.03846641,71.37661204,56.77055406,47.73164641,39.11506103,37.1785761,8.155938889
08/05/2018,341,404.7716952,416.715922,466.7634052,464.4416208,457.5169504,452.2439457,452.015096,447.9103645,414.7830597,244.9965779,226.1488116,139.0614626,110.4289061,73.8053272,73.03846641,71.37661204,56.77055406,47.73164641,39.11506103,37.1785761,8.154033333
09/05/2018,342,404.7716952,416.715922,466.7634052,464.4416208,457.5169504,452.304109,452.015096,447.9103645,442.1924982,256.8716259,233.43619,207.7031455,136.1148388,87.20359141,73.03846641,71.37661204,56.77055406,47.73164641,39.11506103,37.1785761,8.155938889
10/05/2018,343,404.7716952,416.715922,466.7634052,464.4416208,457.5169504,452.304109,451.906573,447.9103645,442.1924982,256.8716259,233.43619,181.5156605,111.9571811,73.8053272,73.03846641,71.37661204,56.77055406,47.73164641,39.11506103,37.1785761,8.152827778
11/05/2018,344,404.7716952,416.715922,466.7634052,464.4416208,457.5169504,452.304109,451.906573,447.9103645,442.1924982,256.8716259,233.43619,181.5156605,111.9571811,73.8053272,73.03846641,71.37661204,56.77055406,47.73164641,39.11506103,37.1785761,8.1545
12/05/2018,345,404.7716952,416.715922,466.7634052,464.4416208,457.5169504,452.340665,452.015096,447.9103645,414.7830597,244.9965779,226.1488116,139.0614626,110.4289061,73.8053272,73.03846641,71.37661204,56.77055406,47.73164641,39.11506103,37.1785761,8.155938889
13/05/2018,346,404.7716952,416.715922,466.7634052,464.4416208,457.5169504,452.304109,452.015096,447.9103645,410.3802058,256.8716259,226.1488116,151.144036,111.9571811,73.8053272,73.03846641,71.37661204,56.77055406,47.73164641,39.11506103,37.1785761,8.1545
14/05/2018,347,404.7716952,416.715922,466.7634052,464.4416208,457.5169504,452.304109,452.015096,447.9103645,410.3802058,256.8716259,226.1488116,139.0614626,110.4289061,73.8053272,73.03846641,71.37661204,56.77055406,47.73164641,39.11506103,37.1785761,8.152827778
15/05/2018,348,404.7716952,416.715922,466.7634052,464.4416208,457.5169504,452.304109,451.906573,447.9103645,442.1924982,256.8716259,233.43619,181.5156605,111.9571811,73.8053272,73.03846641,71.37661204,56.77055406,47.73164641,39.11506103,37.1785761,8.152827778
16/05/2018,349,404.7716952,416.715922,466.7634052,464.4416208,457.5169504,452.304109,451.906573,448.9951616,442.1924982,256.8716259,233.43619,151.144036,111.9571811,73.8053272,73.03846641,71.37661204,56.77055406,47.73164641,39.11506103,37.1785761,8.1545
17/05/2018,350,404.7716952,416.715922,466.7634052,464.4416208,457.5169504,452.304109,451.906573,448.9951616,442.1924982,256.8716259,233.43619,181.5156605,111.9571811,73.8053272,73.03846641,71.37661204,56.77055406,47.73164641,39.11506103,37.1785761,8.1564
18/05/2018,351,404.7716952,416.715922,466.7634052,464.4416208,457.5169504,452.304109,451.906573,448.9951616,442.1924982,256.8716259,233.43619,181.5156605,111.9571811,73.8053272,73.03846641,71.37661204,56.77055406,47.73164641,39.11506103,37.1785761,8.1564
19/05/2018,352,404.7716952,416.715922,466.7634052,464.4416208,457.5169504,452.304109,451.906573,448.9951616,442.1924982,256.8716259,233.43619,151.144036,111.9571811,73.8053272,73.03846641,71.37661204,56.77055406,47.73164641,39.11506103,37.1785761,8.1564
20/05/2018,353,404.7716952,416.715922,466.7634052,464.4416208,457.5169504,452.304109,451.906573,447.9103645,442.1924982,256.8716259,233.43619,181.5156605,136.1148388,74.43762717,73.03846641,71.37661204,56.77055406,47.73164641,39.11506103,37.1785761,8.1564
21/05/2018,354,404.7716952,416.715922,466.7634052,464.4416208,457.5169504,452.304109,451.906573,447.9103645,442.1924982,256.8716259,233.43619,181.5156605,124.0322654,74.43762717,73.03846641,71.37661204,56.77055406,47.73164641,39.11506103,37.1785761,8.1577
22/05/2018,355,404.7716952,416.715922,466.7634052,464.4416208,457.5169504,452.304109,451.906573,448.9951616,442.1924982,292.4735439,241.0382285,207.7031455,136.1148388,74.43762717,73.03846641,71.37661204,56.77055406,47.73164641,39.11506103,37.1785761,8.1579
23/05/2018,356,404.7716952,416.715922,466.7634052,464.4416208,457.5169504,452.304109,451.906573,448.9951616,442.1924982,256.8716259,233.43619,181.5156605,111.9571811,73.8053272,73.03846641,71.37661204,56.77055406,47.73164641,39.11506103,37.1785761,8.160244444
24/05/2018,357,404.7716952,416.715922,466.7634052,464.4416208,457.5169504,452.304109,451.906573,447.9103645,442.1924982,292.4735439,233.43619,207.7031455,136.1148388,78.38917088,73.03846641,71.37661204,56.77055406,47.73164641,39.11506103,37.1785761,8.160244444
25/05/2018,358,404.7716952,416.715922,466.7634052,464.4416208,457.5169504,452.304109,451.906573,448.9951616,442.1924982,292.4735439,241.0382285,207.7031455,136.1148388,78.38917088,73.03846641,71.37661204,56.77055406,47.73164641,39.11506103,37.1785761,8.1703
26/05/2018,359,404.7716952,416.715922,466.7634052,464.4416208,457.5169504,452.304109,451.906573,448.9951616,442.1924982,256.8716259,233.43619,181.5156605,111.9571811,73.8053272,73.03846641,71.37661204,56.77055406,47.73164641,39.11506103,37.1785761,8.1738
27/05/2018,360,404.7716952,416.715922,466.7634052,464.4416208,457.5169504,452.304109,451.906573,447.9103645,442.1924982,256.8716259,233.43619,181.5156605,124.0322654,74.43762717,73.03846641,71.37661204,56.77055406,47.73164641,39.11506103,37.1785761,8.1738
28/05/2018,361,404.7716952,416.715922,466.7634052,464.4416208,457.5169504,452.304109,451.906573,447.9103645,442.1924982,256.8716259,233.43619,207.7031455,136.1148388,87.20359141,73.03846641,71.37661204,58.69543664,47.73164641,39.11506103,37.1785761,8.1738
29/05/2018,362,404.7716952,416.715922,466.7634052,464.4416208,457.5169504,452.304109,451.906573,447.9103645,442.1924982,292.4735439,241.0382285,207.7031455,181.5156605,99.28616484,86.43673062,71.37661204,58.69543664,50.62477145,39.11506103,37.1785761,8.1738
30/05/2018,363,404.7716952,416.715922,466.7634052,464.4416208,457.5169504,452.304109,451.906573,448.9951616,442.1924982,292.4735439,241.0382285,207.7031455,136.1148388,74.43762717,73.03846641,71.37661204,56.77055406,47.73164641,39.11506103,37.1785761,8.1726
31/05/2018,364,404.7716952,416.715922,466.7634052,464.4416208,457.5169504,452.304109,451.906573,447.9103645,442.1924982,256.8716259,233.43619,181.5156605,136.1148388,74.43762717,73.03846641,71.37661204,58.69543664,47.73164641,39.11506103,37.1785761,8.1703
01/06/2018,365,404.7716952,416.715922,466.7634052,464.4416208,457.5169504,452.304109,451.906573,447.9103645,442.1924982,256.8716259,233.43619,181.5156605,111.9571811,74.43762717,73.03846641,71.37661204,58.69543664,47.73164641,39.11506103,37.1785761,8.1703
